id,url,longitude,latitude,found,revised,host-id,room_type,bedrooms,capacity,reviews,min_nights,price
onlyap599230518a46554e81f288861,https://www.only-apartments.es/_/54547,-2.67717,43.29229,2018-03-31 17:55:27.544000,2018-04-18 22:47:05.442000,onlyap54547,Casa rural,,7,1,5,
onlyap599230518a46554e81f288862,https://www.only-apartments.es/_/104929,-2.728737899999942,43.374058,2018-03-31 17:54:36.973000,2018-04-18 18:02:10.824000,onlyap104929,Apartamento,,6,1,2,
onlyap599230518a46554e81f288863,https://www.only-apartments.es/_/732844,-2.62328815411593,43.3887452595101,2018-04-17 11:32:15.747000,2018-04-23 23:02:33.699000,onlyap732844,,,,,,
onlyap599230518a46554e81f288864,https://www.only-apartments.es/_/481413,-2.700278,43.40517,2018-04-17 11:31:39.573000,2018-04-23 19:08:25.649000,onlyap481413,,,,,,
onlyap599230518a46554e81f288865,https://www.only-apartments.es/_/509406,-2.700275,43.405167,2018-04-17 11:32:11.229000,2018-04-23 22:38:38.374000,onlyap509406,,,,,,
onlyap599230518a46554e81f288866,https://www.only-apartments.es/_/732522,-2.760187,43.38898,2018-04-17 11:34:38.369000,2018-04-18 17:30:35.405000,onlyap732522,,,,,,
onlyap599230518a46554e81f288867,https://www.only-apartments.es/_/482624,-2.92026,43.249364,2018-04-17 11:33:14.669000,2018-04-24 10:30:05.808000,onlyap482624,,,,,,
onlyap599230518a46554e81f288868,https://www.only-apartments.es/_/87961,-2.9232001304626465,43.25708846352805,2018-03-31 17:54:32.477000,2018-04-18 17:31:01.366000,onlyap87961,Apartamento,,2,,1,
onlyap599230518a46554e81f288869,https://www.only-apartments.es/_/679845,-2.92522,43.25712,2018-03-31 17:54:56.646000,2018-04-18 20:16:21.647000,onlyap679845,Apartamento,,6,,2,
onlyap599230518a46554e81f2888610,https://www.only-apartments.es/_/404595,-2.926437999999962,43.26186209999999,2017-11-30 19:56:51.556000,2018-04-23 01:33:48.088000,onlyap404595,Apartamento,,4,16,2,
onlyap599230518a46554e81f2888611,https://www.only-apartments.es/_/690530,-2.9301428,43.2696262,2018-03-31 17:55:18.724000,2018-04-18 21:54:05.510000,onlyap690530,Apartamento,,6,1,3,
onlyap599230518a46554e81f2888612,https://www.only-apartments.es/_/405633,-2.95125,43.272,2018-03-31 17:52:50.501000,2018-04-23 02:31:36.798000,onlyap405633,Apartamento,,2,4,1,
onlyap599230518a46554e81f2888613,https://www.only-apartments.es/_/732569,-2.951202,43.308662,2018-04-17 11:34:47.838000,2018-04-18 17:33:56.854000,onlyap732569,,,,,,
onlyap599230518a46554e81f2888614,https://www.only-apartments.es/_/729907,-2.996737,43.330944,2018-04-17 11:33:43.174000,2018-04-24 11:03:46.582000,onlyap729907,,,,,,
onlyap599230518a46554e81f2888615,https://www.only-apartments.es/_/51883,-2.79308,42.59034,2018-03-31 17:55:31.687000,2018-04-18 23:00:55.355000,onlyap51883,Villa,,10,,5,
onlyap599230518a46554e81f2888616,https://www.only-apartments.es/_/440110,-2.831928,42.634147,2018-03-31 17:55:35.446000,2018-04-18 12:57:16.126000,onlyap440110,Casa rural,,18,,2,
onlyap599230518a46554e81f2888617,https://www.only-apartments.es/_/729925,-3.072468,43.080702,2018-04-17 11:34:34.383000,2018-04-18 17:28:53.454000,onlyap729925,,,,,,
onlyap599230518a46554e81f2888618,https://www.only-apartments.es/_/518698,-2.69506,42.86547,2018-04-17 11:33:34.063000,2018-04-24 11:14:29.627000,onlyap518698,,,,,,
onlyap599230518a46554e81f2888619,https://www.only-apartments.es/_/729908,-2.6895099878311157,42.86901728475543,2018-04-17 11:33:14.670000,2018-04-24 06:51:04.163000,onlyap729908,,,,,,
onlyap599230518a46554e81f2888620,https://www.only-apartments.es/_/728888,-2.745541,43.068048,2018-04-17 11:34:34.382000,2018-04-18 17:27:42.638000,onlyap728888,,,,,,
onlyap599230518a46554e81f2888621,https://www.only-apartments.es/_/921054,-2.5733847171966318,42.54767119181371,2018-04-17 11:41:21.440000,2018-04-18 23:14:11.490000,onlyap921054,Casa,,12,,4,
onlyap599230518a46554e81f2888622,https://www.only-apartments.es/_/752490,-1.791412,43.363114,2018-03-31 17:54:26.002000,2018-04-24 12:30:11.108000,onlyap752490,Casa,,4,,2,
onlyap599230518a46554e81f2888623,https://www.only-apartments.es/_/752493,-1.79224,43.36277,2018-03-31 17:54:26.005000,2018-04-24 11:09:10.760000,onlyap752493,Casa,,2,,1,
onlyap599230518a46554e81f2888624,https://www.only-apartments.es/_/639701,-1.792504,43.362676,2018-03-31 17:54:43.979000,2018-04-18 18:38:13.912000,onlyap639701,Apartamento,,5,,3,
onlyap599230518a46554e81f2888625,https://www.only-apartments.es/_/748999,-1.792482,43.363462,2018-03-31 17:53:19.860000,2018-04-23 13:50:11.563000,onlyap748999,Apartamento,,3,,1,
onlyap599230518a46554e81f2888626,https://www.only-apartments.es/_/723663,-1.792482,43.363462,2018-03-31 17:54:26.002000,2018-04-24 12:51:52.818000,onlyap723663,Apartamento,,4,,1,
onlyap599230518a46554e81f2888627,https://www.only-apartments.es/_/639723,-1.792482,43.363462,2018-03-31 17:54:40.509000,2018-04-18 18:19:14.678000,onlyap639723,Apartamento,,5,,2,
onlyap599230518a46554e81f2888628,https://www.only-apartments.es/_/718344,-1.792482,43.363462,2018-03-31 17:54:56.646000,2018-04-18 20:01:47.662000,onlyap718344,Casa,,6,,2,
onlyap599230518a46554e81f2888629,https://www.only-apartments.es/_/674180,-1.791936,43.36403,2018-03-31 17:54:32.475000,2018-04-18 17:25:32.632000,onlyap674180,Casa,,4,,1,
onlyap599230518a46554e81f2888630,https://www.only-apartments.es/_/647792,-1.792684,43.368069,2018-03-31 17:52:50.502000,2018-04-23 03:18:29.749000,onlyap647792,Casa,,4,1,1,
onlyap599230518a46554e81f2888631,https://www.only-apartments.es/_/668854,-1.799362,43.377521,2018-03-31 17:55:05.821000,2018-04-18 20:32:04.878000,onlyap668854,Casa,,6,,2,
onlyap599230518a46554e81f2888632,https://www.only-apartments.es/_/639733,-1.796767,43.374039,2018-03-31 17:55:00.897000,2018-04-18 20:02:13.215000,onlyap639733,Apartamento,,6,,3,
onlyap599230518a46554e81f2888633,https://www.only-apartments.es/_/673838,-1.793303,43.370258,2018-03-31 17:54:19.058000,2018-04-24 05:22:22.340000,onlyap673838,Casa,,4,,2,
onlyap599230518a46554e81f2888634,https://www.only-apartments.es/_/647789,-1.793198,43.369586,2018-03-31 17:54:29.298000,2018-04-18 17:15:26.513000,onlyap647789,Casa,,2,,1,
onlyap599230518a46554e81f2888635,https://www.only-apartments.es/_/685575,-1.79296,43.368682,2018-04-17 11:34:07.852000,2018-04-24 12:48:20.083000,onlyap685575,Casa,,4,,1,
onlyap599230518a46554e81f2888636,https://www.only-apartments.es/_/693080,-1.793008,43.368561,2018-03-31 17:55:09.508000,2018-04-18 21:05:24.698000,onlyap693080,Casa,,6,,1,
onlyap599230518a46554e81f2888637,https://www.only-apartments.es/_/647791,-1.794248,43.369466,2018-03-31 17:54:26.003000,2018-04-24 12:38:37.602000,onlyap647791,Casa,,4,,2,
onlyap599230518a46554e81f2888638,https://www.only-apartments.es/_/752123,-1.801172,43.367703,2018-03-31 17:53:00.020000,2018-04-23 06:19:32.391000,onlyap752123,Casa,,4,,2,
onlyap599230518a46554e81f2888639,https://www.only-apartments.es/_/752193,-1.801172,43.367703,2018-03-31 17:54:02.402000,2018-04-23 14:43:07.607000,onlyap752193,Casa,,4,,2,
onlyap599230518a46554e81f2888640,https://www.only-apartments.es/_/668865,-1.794429,43.367943,2018-03-31 17:54:32.476000,2018-04-18 17:24:36.742000,onlyap668865,Casa,,4,,2,
onlyap599230518a46554e81f2888641,https://www.only-apartments.es/_/647793,-1.794167,43.367657,2018-03-31 17:54:40.508000,2018-04-18 18:23:57.496000,onlyap647793,Casa,,6,1,2,
onlyap599230518a46554e81f2888642,https://www.only-apartments.es/_/731641,-1.7936756000000287,43.3679776,2018-04-17 11:34:26.149000,2018-04-18 17:16:18.183000,onlyap731641,,,,,,
onlyap599230518a46554e81f2888643,https://www.only-apartments.es/_/699150,-1.793433,43.367828,2018-03-31 17:54:29.297000,2018-04-24 12:34:51.274000,onlyap699150,Apartamento,,4,,1,
onlyap599230518a46554e81f2888644,https://www.only-apartments.es/_/689558,-1.793655,43.366337,2018-03-31 17:54:14.780000,2018-04-24 03:02:50.771000,onlyap689558,Casa,,4,,1,
onlyap599230518a46554e81f2888645,https://www.only-apartments.es/_/668862,-1.793231,43.366628,2018-03-31 17:54:32.477000,2018-04-18 17:24:35.138000,onlyap668862,Apartamento,,4,,2,
onlyap599230518a46554e81f2888646,https://www.only-apartments.es/_/639729,-1.970553,43.328139,2018-03-31 17:54:29.301000,2018-04-18 17:06:47.451000,onlyap639729,Apartamento,,4,,2,
onlyap599230518a46554e81f2888647,https://www.only-apartments.es/_/917257,-1.9723328999999694,43.3233048,2018-04-17 11:33:34.072000,2018-04-24 10:03:21.616000,onlyap917257,Apartamento,,4,,2,
onlyap599230518a46554e81f2888648,https://www.only-apartments.es/_/917326,-1.9732797145843506,43.322227348407935,2018-04-17 11:38:17.702000,2018-04-18 20:56:46.311000,onlyap917326,Apartamento,,6,,3,
onlyap599230518a46554e81f2888649,https://www.only-apartments.es/_/917222,-1.9732797145843506,43.322227348407935,2018-04-17 11:38:17.703000,2018-04-18 20:57:39.094000,onlyap917222,Apartamento,,6,,3,
onlyap599230518a46554e81f2888650,https://www.only-apartments.es/_/917196,-1.9732609999999795,43.3228412,2018-04-17 11:35:54.371000,2018-04-18 18:41:21.210000,onlyap917196,Apartamento,,5,,2,
onlyap599230518a46554e81f2888651,https://www.only-apartments.es/_/917206,-1.973405200000002,43.3242564,2018-04-17 11:33:34.066000,2018-04-24 09:15:46.802000,onlyap917206,Apartamento,,3,,1,
onlyap599230518a46554e81f2888652,https://www.only-apartments.es/_/917210,-1.9729046999999582,43.3249969,2018-04-17 11:35:54.372000,2018-04-18 18:41:31.939000,onlyap917210,Apartamento,,5,,2,
onlyap599230518a46554e81f2888653,https://www.only-apartments.es/_/917213,-1.9729334999999537,43.3250182,2018-04-17 11:35:54.362000,2018-04-18 18:40:06.451000,onlyap917213,Apartamento,,5,,2,
onlyap599230518a46554e81f2888654,https://www.only-apartments.es/_/917200,-1.9733644000000368,43.3249801,2018-04-17 11:38:17.700000,2018-04-18 20:54:41.354000,onlyap917200,Apartamento,,6,,2,
onlyap599230518a46554e81f2888655,https://www.only-apartments.es/_/677502,-1.9733661,43.3253651,2018-03-31 17:55:27.544000,2018-04-18 22:35:41.765000,onlyap677502,Apartamento,,8,,2,
onlyap599230518a46554e81f2888656,https://www.only-apartments.es/_/643446,-1.9733661,43.3253651,2018-03-31 17:55:27.546000,2018-04-18 22:29:29.701000,onlyap643446,Apartamento,,8,,2,
onlyap599230518a46554e81f2888657,https://www.only-apartments.es/_/677504,-1.9728499,43.3254379,2018-03-31 17:55:27.547000,2018-04-18 22:34:05.501000,onlyap677504,Apartamento,,8,,2,
onlyap599230518a46554e81f2888658,https://www.only-apartments.es/_/917193,-1.9712677,43.3248895,2018-04-17 11:40:14.872000,2018-04-18 22:29:24.995000,onlyap917193,Apartamento,,8,,3,
onlyap599230518a46554e81f2888659,https://www.only-apartments.es/_/513962,-1.9725776,43.3259393,2018-03-31 17:54:40.511000,2018-04-18 18:11:23.138000,onlyap513962,Apartamento,,6,1,2,
onlyap599230518a46554e81f2888660,https://www.only-apartments.es/_/704754,-1.9725776,43.3259393,2018-03-31 17:55:09.507000,2018-04-18 21:09:38.296000,onlyap704754,Apartamento,,6,,2,
onlyap599230518a46554e81f2888661,https://www.only-apartments.es/_/677507,-1.9725776,43.3259393,2018-03-31 17:55:09.509000,2018-04-18 21:05:35.460000,onlyap677507,Apartamento,,6,,2,
onlyap599230518a46554e81f2888662,https://www.only-apartments.es/_/677506,-1.9725776,43.3259393,2018-03-31 17:55:09.510000,2018-04-18 21:08:19.919000,onlyap677506,Apartamento,,6,,2,
onlyap599230518a46554e81f2888663,https://www.only-apartments.es/_/513977,-1.9726755,43.3258528,2018-03-31 17:55:05.823000,2018-04-18 20:44:42.077000,onlyap513977,Apartamento,,6,,2,
onlyap599230518a46554e81f2888664,https://www.only-apartments.es/_/917360,-1.9753213999999844,43.32506739999999,2018-04-17 11:33:34.068000,2018-04-24 10:52:55.925000,onlyap917360,Apartamento,,4,,2,
onlyap599230518a46554e81f2888665,https://www.only-apartments.es/_/917276,-1.9757529999999406,43.3249065,2018-04-17 11:35:34.057000,2018-04-18 18:26:32.124000,onlyap917276,Apartamento,,5,,2,
onlyap599230518a46554e81f2888666,https://www.only-apartments.es/_/719217,-1.975653,43.324719,2018-03-31 17:55:09.510000,2018-04-18 20:52:06.891000,onlyap719217,Apartamento,,6,,3,
onlyap599230518a46554e81f2888667,https://www.only-apartments.es/_/917198,-1.9757726999999932,43.3246284,2018-04-17 11:35:54.361000,2018-04-18 18:39:26.910000,onlyap917198,Apartamento,,5,,2,
onlyap599230518a46554e81f2888668,https://www.only-apartments.es/_/917228,-1.9735106000000542,43.324919,2018-04-17 11:33:34.064000,2018-04-24 10:47:49.685000,onlyap917228,Apartamento,,4,,2,
onlyap599230518a46554e81f2888669,https://www.only-apartments.es/_/510317,-1.974857866625939,43.32218979055962,2018-04-17 11:32:36.529000,2018-04-24 04:25:27.634000,onlyap510317,,,,,,
onlyap599230518a46554e81f2888670,https://www.only-apartments.es/_/639717,-1.974968,43.322422,2018-03-31 17:54:29.298000,2018-04-18 17:05:14.452000,onlyap639717,Apartamento,,4,,1,
onlyap599230518a46554e81f2888671,https://www.only-apartments.es/_/917330,-1.975640058517456,43.32452986813848,2018-04-17 11:38:17.707000,2018-04-18 21:01:21.674000,onlyap917330,Apartamento,,6,,2,
onlyap599230518a46554e81f2888672,https://www.only-apartments.es/_/917218,-1.975701699999945,43.3245277,2018-04-17 11:35:49.087000,2018-04-18 18:37:21.907000,onlyap917218,Apartamento,,5,,2,
onlyap599230518a46554e81f2888673,https://www.only-apartments.es/_/513972,-1.97697,43.3243,2018-03-31 17:55:09.508000,2018-04-18 21:06:48.096000,onlyap513972,Apartamento,,6,,2,
onlyap599230518a46554e81f2888674,https://www.only-apartments.es/_/917287,-1.9768976000000293,43.3233202,2018-04-17 11:40:39.532000,2018-04-18 22:44:39.649000,onlyap917287,Apartamento,,9,,4,
onlyap599230518a46554e81f2888675,https://www.only-apartments.es/_/513982,-1.9775109,43.3232445,2018-03-31 17:54:29.299000,2018-04-18 17:07:04.044000,onlyap513982,Apartamento,,4,,1,
onlyap599230518a46554e81f2888676,https://www.only-apartments.es/_/917203,-1.9777430999999979,43.3227294,2018-04-17 11:38:22.846000,2018-04-18 21:03:31.572000,onlyap917203,Apartamento,,6,,3,
onlyap599230518a46554e81f2888677,https://www.only-apartments.es/_/917259,-1.9777750968933105,43.32252394906645,2018-04-17 11:33:34.065000,2018-04-24 10:42:45.102000,onlyap917259,Apartamento,,4,,1,
onlyap599230518a46554e81f2888678,https://www.only-apartments.es/_/917207,-1.9778741000000082,43.3237849,2018-04-17 11:33:38.541000,2018-04-24 10:47:55.980000,onlyap917207,Apartamento,,4,,2,
onlyap599230518a46554e81f2888679,https://www.only-apartments.es/_/916827,-1.977954,43.323351,2018-03-31 17:55:27.547000,2018-04-18 22:32:56.816000,onlyap916827,Apartamento,,8,,3,
onlyap599230518a46554e81f2888680,https://www.only-apartments.es/_/917362,-1.983460599999944,43.3254776,2018-04-17 11:33:34.069000,2018-04-18 16:47:46.503000,onlyap917362,Apartamento,,3,,1,
onlyap599230518a46554e81f2888681,https://www.only-apartments.es/_/908495,-1.98478,43.324584,2018-03-31 17:55:09.508000,2018-04-18 21:07:15.357000,onlyap908495,Apartamento,,6,,3,
onlyap599230518a46554e81f2888682,https://www.only-apartments.es/_/674423,-1.9864225387573242,43.32356203996804,2018-04-22 22:42:47.187000,2018-04-24 11:53:35.622000,onlyap674423,Apartamento,,2,,1,
onlyap599230518a46554e81f2888683,https://www.only-apartments.es/_/917239,-1.987221399999953,43.3237421,2018-04-17 11:35:54.370000,2018-04-18 18:40:27.112000,onlyap917239,Apartamento,,5,,2,
onlyap599230518a46554e81f2888684,https://www.only-apartments.es/_/917377,-1.985528899999963,43.3224817,2018-04-17 11:39:09.256000,2018-04-18 21:33:31.768000,onlyap917377,Apartamento,,7,,4,
onlyap599230518a46554e81f2888685,https://www.only-apartments.es/_/917341,-1.9852981999999884,43.3225413,2018-04-17 11:40:14.870000,2018-04-18 22:28:04.084000,onlyap917341,Apartamento,,8,,4,
onlyap599230518a46554e81f2888686,https://www.only-apartments.es/_/917317,-1.9855603999999403,43.3237148,2018-04-17 11:38:17.703000,2018-04-18 20:57:09.779000,onlyap917317,Apartamento,,6,,3,
onlyap599230518a46554e81f2888687,https://www.only-apartments.es/_/917357,-1.984519500000033,43.3238989,2018-04-17 11:33:34.072000,2018-04-18 16:48:57.732000,onlyap917357,Apartamento,,4,,2,
onlyap599230518a46554e81f2888688,https://www.only-apartments.es/_/639716,-1.984293,43.323298,2018-03-31 17:54:43.980000,2018-04-14 16:01:09.009000,onlyap639716,Apartamento,,6,,2,
onlyap599230518a46554e81f2888689,https://www.only-apartments.es/_/917288,-1.9814506999999821,43.3237368,2018-04-17 11:35:54.361000,2018-04-18 18:39:18.596000,onlyap917288,Apartamento,,5,,2,
onlyap599230518a46554e81f2888690,https://www.only-apartments.es/_/917268,-1.9810605,43.3235433,2018-04-17 11:38:17.706000,2018-04-18 21:00:26.599000,onlyap917268,Apartamento,,6,,3,
onlyap599230518a46554e81f2888691,https://www.only-apartments.es/_/961213,-1.981588,43.324128,2018-04-22 22:42:47.189000,2018-04-24 11:55:00.661000,onlyap961213,Apartamento,,3,,2,
onlyap599230518a46554e81f2888692,https://www.only-apartments.es/_/917304,-1.9785216000000219,43.3231446,2018-04-17 11:32:31.319000,2018-04-24 01:39:31.021000,onlyap917304,Apartamento,,3,,2,
onlyap599230518a46554e81f2888693,https://www.only-apartments.es/_/917197,-1.979919500000051,43.3205926,2018-04-17 11:38:17.703000,2018-04-18 20:57:27.875000,onlyap917197,Apartamento,,6,,2,
onlyap599230518a46554e81f2888694,https://www.only-apartments.es/_/917278,-1.979919500000051,43.3205926,2018-04-17 11:38:22.847000,2018-04-18 21:03:37.602000,onlyap917278,Apartamento,,6,,2,
onlyap599230518a46554e81f2888695,https://www.only-apartments.es/_/917355,-1.980635799999959,43.320283,2018-04-17 11:33:34.064000,2018-04-24 09:01:59.162000,onlyap917355,Apartamento,,3,,1,
onlyap599230518a46554e81f2888696,https://www.only-apartments.es/_/917358,-1.9794458000000077,43.31897130000001,2018-04-17 11:33:34.066000,2018-04-18 16:46:49.944000,onlyap917358,Apartamento,,4,,2,
onlyap599230518a46554e81f2888697,https://www.only-apartments.es/_/917311,-1.979340699999966,43.3186308,2018-04-17 11:33:38.547000,2018-04-24 11:02:34.311000,onlyap917311,Apartamento,,4,,2,
onlyap599230518a46554e81f2888698,https://www.only-apartments.es/_/917247,-1.9806788999999299,43.3178446,2018-04-17 11:33:34.068000,2018-04-24 11:07:18.856000,onlyap917247,Apartamento,,4,,1,
onlyap599230518a46554e81f2888699,https://www.only-apartments.es/_/917267,-1.980176799999981,43.3186923,2018-04-17 11:38:13.719000,2018-04-18 20:49:35.721000,onlyap917267,Apartamento,,6,,2,
onlyap599230518a46554e81f28886100,https://www.only-apartments.es/_/917273,-1.9801162999999633,43.3186464,2018-04-17 11:39:09.266000,2018-04-18 21:34:48.370000,onlyap917273,Apartamento,,7,,3,
onlyap599230518a46554e81f28886101,https://www.only-apartments.es/_/917223,-1.98009,43.31868,2018-04-17 11:33:09.986000,2018-04-24 06:51:17.327000,onlyap917223,Apartamento,,4,,2,
onlyap599230518a46554e81f28886102,https://www.only-apartments.es/_/917303,-1.9800925254821777,43.3186836390722,2018-04-17 11:35:49.087000,2018-04-18 18:37:05.248000,onlyap917303,Apartamento,,5,,2,
onlyap599230518a46554e81f28886103,https://www.only-apartments.es/_/917285,-1.9801193475723267,43.31876950231436,2018-04-17 11:33:09.982000,2018-04-24 11:09:50.165000,onlyap917285,Apartamento,,4,,1,
onlyap599230518a46554e81f28886104,https://www.only-apartments.es/_/674322,-1.980123370885849,43.31878218664667,2018-04-22 22:42:24.423000,2018-04-24 08:29:16.321000,onlyap674322,Apartamento,,4,,2,
onlyap599230518a46554e81f28886105,https://www.only-apartments.es/_/917271,-1.980136899999934,43.3193656,2018-04-17 11:33:43.175000,2018-04-24 10:47:36.393000,onlyap917271,Apartamento,,4,,2,
onlyap599230518a46554e81f28886106,https://www.only-apartments.es/_/917324,-1.9809293746948242,43.3190583141475,2018-04-17 11:33:38.531000,2018-04-24 11:11:59.510000,onlyap917324,Apartamento,,4,,2,
onlyap599230518a46554e81f28886107,https://www.only-apartments.es/_/674289,-1.9815851747989655,43.318950985586035,2018-04-22 22:42:24.421000,2018-04-24 08:27:46.691000,onlyap674289,Apartamento,,4,,2,
onlyap599230518a46554e81f28886108,https://www.only-apartments.es/_/917345,-1.9825028999999859,43.3178128,2018-04-17 11:33:09.981000,2018-04-24 05:23:15.686000,onlyap917345,Apartamento,,2,,1,
onlyap599230518a46554e81f28886109,https://www.only-apartments.es/_/917363,-1.982733000000053,43.3177689,2018-04-17 11:33:34.074000,2018-04-24 11:05:19.583000,onlyap917363,Apartamento,,4,,2,
onlyap599230518a46554e81f28886110,https://www.only-apartments.es/_/674523,-1.9829235970973969,43.31886902546594,2018-04-22 22:42:18.329000,2018-04-24 07:26:03.724000,onlyap674523,Apartamento,,2,,1,
onlyap599230518a46554e81f28886111,https://www.only-apartments.es/_/917270,-1.9826701283454895,43.318638755965516,2018-04-17 11:41:05.891000,2018-04-18 23:02:56.917000,onlyap917270,Apartamento,,10,,3,
onlyap599230518a46554e81f28886112,https://www.only-apartments.es/_/917323,-1.9823523000000023,43.3188908,2018-04-17 11:33:09.981000,2018-04-24 05:38:50.197000,onlyap917323,Apartamento,,3,,1,
onlyap599230518a46554e81f28886113,https://www.only-apartments.es/_/917331,-1.9824174000000312,43.3191812,2018-04-17 11:38:13.721000,2018-04-18 20:51:08.214000,onlyap917331,Apartamento,,6,,2,
onlyap599230518a46554e81f28886114,https://www.only-apartments.es/_/917289,-1.9824174000000312,43.3191812,2018-04-17 11:39:09.266000,2018-04-18 21:34:43.499000,onlyap917289,Apartamento,,7,,3,
onlyap599230518a46554e81f28886115,https://www.only-apartments.es/_/917329,-1.981939699999998,43.31993569999999,2018-04-17 11:35:54.359000,2018-04-18 18:37:56.727000,onlyap917329,Apartamento,,5,,2,
onlyap599230518a46554e81f28886116,https://www.only-apartments.es/_/917343,-1.981939699999998,43.31993569999999,2018-04-17 11:39:09.233000,2018-04-18 21:32:50.052000,onlyap917343,Apartamento,,7,,3,
onlyap599230518a46554e81f28886117,https://www.only-apartments.es/_/917238,-1.9818949699401855,43.32011988098076,2018-04-17 11:37:43.672000,2018-04-18 20:30:36.411000,onlyap917238,Apartamento,,6,,3,
onlyap599230518a46554e81f28886118,https://www.only-apartments.es/_/917265,-1.9812721000000693,43.3204066,2018-04-17 11:33:34.064000,2018-04-24 11:11:12.636000,onlyap917265,Apartamento,,4,,2,
onlyap599230518a46554e81f28886119,https://www.only-apartments.es/_/513987,-1.9841498370483,43.321595440238,2018-03-31 17:54:29.300000,2018-04-18 17:08:48.238000,onlyap513987,Apartamento,,4,,2,
onlyap599230518a46554e81f28886120,https://www.only-apartments.es/_/917243,-1.984089,43.3216286,2018-04-17 11:38:17.704000,2018-04-18 20:58:22.778000,onlyap917243,Apartamento,,6,,3,
onlyap599230518a46554e81f28886121,https://www.only-apartments.es/_/917254,-1.9835580000000164,43.3206491,2018-04-17 11:38:22.843000,2018-04-18 21:02:01.694000,onlyap917254,Apartamento,,6,,2,
onlyap599230518a46554e81f28886122,https://www.only-apartments.es/_/917241,-1.983524799999941,43.3196154,2018-04-17 11:33:34.064000,2018-04-24 11:01:56.835000,onlyap917241,Apartamento,,4,,2,
onlyap599230518a46554e81f28886123,https://www.only-apartments.es/_/917225,-1.983524799999941,43.3196154,2018-04-17 11:33:34.069000,2018-04-24 11:03:40.102000,onlyap917225,Apartamento,,4,,2,
onlyap599230518a46554e81f28886124,https://www.only-apartments.es/_/639734,-1.983567,43.320049,2018-04-17 11:34:07.853000,2018-04-18 17:06:36.326000,onlyap639734,Apartamento,,4,,2,
onlyap599230518a46554e81f28886125,https://www.only-apartments.es/_/917321,-1.9841132000000243,43.3205923,2018-04-17 11:38:13.720000,2018-04-18 20:51:00.317000,onlyap917321,Apartamento,,6,,4,
onlyap599230518a46554e81f28886126,https://www.only-apartments.es/_/917186,-1.984194811666839,43.32075700906317,2018-04-17 11:33:09.980000,2018-04-24 06:53:27.595000,onlyap917186,Apartamento,,4,,1,
onlyap599230518a46554e81f28886127,https://www.only-apartments.es/_/917280,-1.984194811666839,43.32075700906317,2018-04-17 11:33:09.983000,2018-04-24 06:56:48.691000,onlyap917280,Apartamento,,4,,1,
onlyap599230518a46554e81f28886128,https://www.only-apartments.es/_/917309,-1.9847850999999537,43.3214496,2018-04-17 11:38:13.724000,2018-04-18 20:54:27.598000,onlyap917309,Apartamento,,6,,3,
onlyap599230518a46554e81f28886129,https://www.only-apartments.es/_/917336,-1.9845101237297058,43.32171805047825,2018-04-17 11:32:31.315000,2018-04-24 01:31:31.133000,onlyap917336,Apartamento,,3,,1,
onlyap599230518a46554e81f28886130,https://www.only-apartments.es/_/917353,-1.9851682999999412,43.3176886,2018-04-17 11:35:54.360000,2018-04-18 18:38:50.753000,onlyap917353,Apartamento,,5,,3,
onlyap599230518a46554e81f28886131,https://www.only-apartments.es/_/917366,-1.9849652000000333,43.3173141,2018-04-17 11:38:17.705000,2018-04-18 20:59:27.965000,onlyap917366,Apartamento,,6,,3,
onlyap599230518a46554e81f28886132,https://www.only-apartments.es/_/917339,-1.9849652000000333,43.3173141,2018-04-17 11:38:17.706000,2018-04-18 21:00:32.696000,onlyap917339,Apartamento,,6,,3,
onlyap599230518a46554e81f28886133,https://www.only-apartments.es/_/917230,-1.984683700000005,43.3177282,2018-04-17 11:33:38.546000,2018-04-24 10:59:06.456000,onlyap917230,Apartamento,,4,,2,
onlyap599230518a46554e81f28886134,https://www.only-apartments.es/_/917272,-1.984683700000005,43.3177282,2018-04-17 11:41:26.937000,2018-04-18 23:17:27.894000,onlyap917272,Apartamento,,12,,5,
onlyap599230518a46554e81f28886135,https://www.only-apartments.es/_/917364,-1.9838479999999663,43.3192275,2018-04-17 11:33:34.069000,2018-04-18 16:47:40.535000,onlyap917364,Apartamento,,3,,1,
onlyap599230518a46554e81f28886136,https://www.only-apartments.es/_/917209,-1.9838479999999663,43.3192275,2018-04-17 11:33:38.550000,2018-04-24 10:41:28.510000,onlyap917209,Apartamento,,4,,2,
onlyap599230518a46554e81f28886137,https://www.only-apartments.es/_/917214,-1.9838479999999663,43.3192275,2018-04-17 11:40:14.879000,2018-04-18 22:31:37.417000,onlyap917214,Apartamento,,8,,3,
onlyap599230518a46554e81f28886138,https://www.only-apartments.es/_/674443,-1.983703,43.31955,2018-04-22 22:42:47.202000,2018-04-24 12:03:47.042000,onlyap674443,Apartamento,,3,,1,
onlyap599230518a46554e81f28886139,https://www.only-apartments.es/_/513986,-1.9834618,43.3188868,2018-03-31 17:54:29.299000,2018-04-18 17:07:52.733000,onlyap513986,Apartamento,,4,,2,
onlyap599230518a46554e81f28886140,https://www.only-apartments.es/_/917837,-1.9836854999999787,43.3184756,2018-04-17 11:38:13.723000,2018-04-18 20:53:55.216000,onlyap917837,Apartamento,,6,,2,
onlyap599230518a46554e81f28886141,https://www.only-apartments.es/_/672802,-1.983868,43.318028,2018-03-31 17:55:09.509000,2018-04-18 21:07:41.531000,onlyap672802,Apartamento,,6,,3,
onlyap599230518a46554e81f28886142,https://www.only-apartments.es/_/665895,-1.9839039999999,43.3183249,2018-03-31 17:54:43.979000,2018-04-18 18:42:25.596000,onlyap665895,Apartamento,,5,,3,
onlyap599230518a46554e81f28886143,https://www.only-apartments.es/_/917368,-1.9839412999999695,43.3172054,2018-04-17 11:33:09.984000,2018-04-24 06:38:20.287000,onlyap917368,Apartamento,,4,,2,
onlyap599230518a46554e81f28886144,https://www.only-apartments.es/_/917305,-1.9838616997003555,43.31703660248668,2018-04-17 11:31:31.013000,2018-04-23 19:26:54.347000,onlyap917305,Apartamento,,4,,1,
onlyap599230518a46554e81f28886145,https://www.only-apartments.es/_/639707,-1.985615,43.315286,2018-03-31 17:54:32.474000,2018-04-18 17:25:28.123000,onlyap639707,Apartamento,,4,,2,
onlyap599230518a46554e81f28886146,https://www.only-apartments.es/_/639730,-1.985668,43.315358,2018-03-31 17:54:29.298000,2018-04-18 17:10:16.718000,onlyap639730,Apartamento,,4,,2,
onlyap599230518a46554e81f28886147,https://www.only-apartments.es/_/917235,-1.9854267000000618,43.3154534,2018-04-17 11:38:17.701000,2018-04-18 20:55:34.174000,onlyap917235,Apartamento,,6,,2,
onlyap599230518a46554e81f28886148,https://www.only-apartments.es/_/513983,-1.9851035,43.3159615,2018-03-31 17:54:14.779000,2018-04-24 04:19:00.599000,onlyap513983,Apartamento,,4,,1,
onlyap599230518a46554e81f28886149,https://www.only-apartments.es/_/917319,-1.986316200000033,43.3163127,2018-04-17 11:33:38.546000,2018-04-24 10:58:11.629000,onlyap917319,Apartamento,,4,,2,
onlyap599230518a46554e81f28886150,https://www.only-apartments.es/_/917361,-1.9865363000000116,43.3162471,2018-04-17 11:34:30.308000,2018-04-18 17:20:07.853000,onlyap917361,Apartamento,,3,,1,
onlyap599230518a46554e81f28886151,https://www.only-apartments.es/_/513981,-1.98733,43.3154,2018-04-22 22:41:59.992000,2018-04-24 04:13:20.038000,onlyap513981,Apartamento,,4,,2,
onlyap599230518a46554e81f28886152,https://www.only-apartments.es/_/742554,-1.987655,43.315247,2018-03-31 17:54:29.299000,2018-04-18 17:13:02.003000,onlyap742554,Apartamento,,4,,2,
onlyap599230518a46554e81f28886153,https://www.only-apartments.es/_/737676,-1.987655,43.315247,2018-03-31 17:55:09.509000,2018-04-18 21:09:47.390000,onlyap737676,Apartamento,,6,,3,
onlyap599230518a46554e81f28886154,https://www.only-apartments.es/_/639745,-1.987432,43.315253,2018-03-31 17:55:31.685000,2018-04-18 23:03:44.785000,onlyap639745,Apartamento,,10,,3,
onlyap599230518a46554e81f28886155,https://www.only-apartments.es/_/917245,-1.986851692199707,43.31496798618416,2018-04-17 11:37:48.585000,2018-04-18 20:37:16.156000,onlyap917245,Apartamento,,6,,3,
onlyap599230518a46554e81f28886156,https://www.only-apartments.es/_/917263,-1.9867122173309326,43.31531536252072,2018-04-17 11:39:09.268000,2018-04-18 21:35:11.923000,onlyap917263,Apartamento,,7,,3,
onlyap599230518a46554e81f28886157,https://www.only-apartments.es/_/917374,-1.9860654000000295,43.3157378,2018-04-17 11:32:31.317000,2018-04-24 01:21:28.263000,onlyap917374,Apartamento,,3,,1,
onlyap599230518a46554e81f28886158,https://www.only-apartments.es/_/692208,-1.986065,43.315738,2018-03-31 17:54:26.005000,2018-04-24 12:00:00.990000,onlyap692208,Apartamento,,3,,1,
onlyap599230518a46554e81f28886159,https://www.only-apartments.es/_/639711,-1.985983,43.315866,2018-04-17 11:32:46.031000,2018-04-24 05:35:38.405000,onlyap639711,Apartamento,,4,,2,
onlyap599230518a46554e81f28886160,https://www.only-apartments.es/_/917266,-1.9859987497329712,43.31559248154504,2018-04-17 11:40:14.872000,2018-04-18 22:29:06.172000,onlyap917266,Apartamento,,8,,3,
onlyap599230518a46554e81f28886161,https://www.only-apartments.es/_/917335,-1.9840498999999454,43.3138241,2018-04-17 11:38:17.700000,2018-04-18 20:55:17.206000,onlyap917335,Apartamento,,6,,2,
onlyap599230518a46554e81f28886162,https://www.only-apartments.es/_/674491,-1.984168,43.314058,2018-04-17 11:31:44.093000,2018-04-23 19:38:48.680000,onlyap674491,Apartamento,,2,,1,
onlyap599230518a46554e81f28886163,https://www.only-apartments.es/_/917215,-1.9836652000000186,43.3137907,2018-04-17 11:38:17.702000,2018-04-18 20:56:28.258000,onlyap917215,Apartamento,,6,,2,
onlyap599230518a46554e81f28886164,https://www.only-apartments.es/_/513974,-1.98369,43.3138,2018-04-17 11:31:31.014000,2018-04-23 16:46:48.371000,onlyap513974,Apartamento,,4,,2,
onlyap599230518a46554e81f28886165,https://www.only-apartments.es/_/754530,-1.9810628,43.3135692,2018-03-31 17:55:09.509000,2018-04-18 21:11:36.958000,onlyap754530,Apartamento,,6,,2,
onlyap599230518a46554e81f28886166,https://www.only-apartments.es/_/917352,-1.9813844999999901,43.3147491,2018-04-17 11:33:34.069000,2018-04-24 11:07:58.387000,onlyap917352,Apartamento,,4,,2,
onlyap599230518a46554e81f28886167,https://www.only-apartments.es/_/917371,-1.9813844999999901,43.3147491,2018-04-17 11:34:30.311000,2018-04-18 17:23:08.360000,onlyap917371,Apartamento,,4,,2,
onlyap599230518a46554e81f28886168,https://www.only-apartments.es/_/917370,-1.9828460999999606,43.3143384,2018-04-17 11:33:34.065000,2018-04-24 09:07:46.939000,onlyap917370,Apartamento,,2,,1,
onlyap599230518a46554e81f28886169,https://www.only-apartments.es/_/513970,-1.9829488,43.3157911,2018-03-31 17:54:10.132000,2018-04-23 22:15:19.984000,onlyap513970,Apartamento,,4,,2,
onlyap599230518a46554e81f28886170,https://www.only-apartments.es/_/917232,-1.982948800000031,43.3157911,2018-04-17 11:31:31.010000,2018-04-23 19:29:43.031000,onlyap917232,Apartamento,,4,,1,
onlyap599230518a46554e81f28886171,https://www.only-apartments.es/_/917253,-1.982948800000031,43.3157911,2018-04-17 11:38:13.718000,2018-04-18 20:47:59.496000,onlyap917253,Apartamento,,6,,2,
onlyap599230518a46554e81f28886172,https://www.only-apartments.es/_/639724,-1.983149,43.316917,2018-03-31 17:54:22.586000,2018-04-24 08:18:35.301000,onlyap639724,Apartamento,,4,,2,
onlyap599230518a46554e81f28886173,https://www.only-apartments.es/_/917262,-1.9831487999999808,43.3169173,2018-04-17 11:33:09.982000,2018-04-24 06:42:34.771000,onlyap917262,Apartamento,,4,,2,
onlyap599230518a46554e81f28886174,https://www.only-apartments.es/_/917212,-1.980958800000053,43.3166682,2018-04-17 11:38:17.708000,2018-04-18 21:01:41.781000,onlyap917212,Apartamento,,6,,2,
onlyap599230518a46554e81f28886175,https://www.only-apartments.es/_/513985,-1.98158,43.3156,2018-04-17 11:34:22.020000,2018-04-18 17:14:02.297000,onlyap513985,Apartamento,,4,,2,
onlyap599230518a46554e81f28886176,https://www.only-apartments.es/_/917375,-1.9802395000000388,43.3152108,2018-04-17 11:33:34.067000,2018-04-24 11:09:28.271000,onlyap917375,Apartamento,,4,,2,
onlyap599230518a46554e81f28886177,https://www.only-apartments.es/_/917328,-1.9779733999999962,43.3220019,2018-04-17 11:31:08.540000,2018-04-18 14:47:11.914000,onlyap917328,Apartamento,,4,,1,
onlyap599230518a46554e81f28886178,https://www.only-apartments.es/_/917211,-1.9760039000000234,43.3218229,2018-04-17 11:33:34.068000,2018-04-24 09:10:14.934000,onlyap917211,Apartamento,,2,,1,
onlyap599230518a46554e81f28886179,https://www.only-apartments.es/_/917294,-1.9768331999999873,43.3197977,2018-04-17 11:33:34.068000,2018-04-24 10:52:36.613000,onlyap917294,Apartamento,,4,,1,
onlyap599230518a46554e81f28886180,https://www.only-apartments.es/_/917252,-1.9768331999999873,43.3197977,2018-04-17 11:38:17.706000,2018-04-18 21:00:57.370000,onlyap917252,Apartamento,,6,,2,
onlyap599230518a46554e81f28886181,https://www.only-apartments.es/_/917320,-1.9768331999999873,43.3197977,2018-04-17 11:38:17.708000,2018-04-18 21:01:57.173000,onlyap917320,Apartamento,,6,,2,
onlyap599230518a46554e81f28886182,https://www.only-apartments.es/_/917208,-1.9757690999999795,43.3216931,2018-04-17 11:33:34.071000,2018-04-24 10:40:52.961000,onlyap917208,Apartamento,,4,,1,
onlyap599230518a46554e81f28886183,https://www.only-apartments.es/_/917269,-1.9758097000000134,43.3216719,2018-04-17 11:33:34.070000,2018-04-18 16:48:28.505000,onlyap917269,Apartamento,,2,,1,
onlyap599230518a46554e81f28886184,https://www.only-apartments.es/_/730204,-1.9752669680881354,43.32145705132962,2018-04-17 11:33:14.682000,2018-04-24 06:40:16.831000,onlyap730204,,,,,,
onlyap599230518a46554e81f28886185,https://www.only-apartments.es/_/917275,-1.9740096000000449,43.3200908,2018-04-17 11:39:04.484000,2018-04-18 21:31:17.087000,onlyap917275,Apartamento,,7,,3,
onlyap599230518a46554e81f28886186,https://www.only-apartments.es/_/917350,-1.9741530999999668,43.3194993,2018-04-17 11:35:49.082000,2018-04-18 18:34:17.157000,onlyap917350,Apartamento,,5,,2,
onlyap599230518a46554e81f28886187,https://www.only-apartments.es/_/920568,-1.9564935999999378,43.3289772,2018-04-17 11:41:32.693000,2018-04-18 23:19:19.532000,onlyap920568,Casa,,15,,6,
onlyap599230518a46554e81f28886188,https://www.only-apartments.es/_/918913,-1.864114111886579,43.295444012975146,2018-04-17 11:41:16.219000,2018-04-18 23:11:19.904000,onlyap918913,Villa,,12,,6,
onlyap599230518a46554e81f28886189,https://www.only-apartments.es/_/752042,-1.9777,43.29141,2018-03-31 17:55:27.547000,2018-04-18 22:35:47.920000,onlyap752042,Apartamento,,9,,5,
onlyap599230518a46554e81f28886190,https://www.only-apartments.es/_/917316,-1.971542,43.295048,2018-04-17 11:41:16.215000,2018-04-18 23:11:16.700000,onlyap917316,Casa,,12,,6,
onlyap599230518a46554e81f28886191,https://www.only-apartments.es/_/639715,-1.978014,43.303671,2018-03-31 17:54:43.978000,2018-04-18 18:40:47.243000,onlyap639715,Apartamento,,5,,3,
onlyap599230518a46554e81f28886192,https://www.only-apartments.es/_/917372,-1.972936699999991,43.3102896,2018-04-17 11:36:04.488000,2018-04-18 18:45:18.033000,onlyap917372,Apartamento,,5,,2,
onlyap599230518a46554e81f28886193,https://www.only-apartments.es/_/917264,-1.97698,43.309101,2018-04-17 11:33:38.544000,2018-04-24 10:04:05.101000,onlyap917264,Apartamento,,4,,2,
onlyap599230518a46554e81f28886194,https://www.only-apartments.es/_/674319,-1.977075,43.309052,2018-04-22 22:42:07.976000,2018-04-24 05:36:17.666000,onlyap674319,Apartamento,,4,,2,
onlyap599230518a46554e81f28886195,https://www.only-apartments.es/_/917189,-1.9805753231048584,43.31122087924693,2018-04-17 11:38:22.846000,2018-04-18 21:03:33.016000,onlyap917189,Apartamento,,6,,2,
onlyap599230518a46554e81f28886196,https://www.only-apartments.es/_/917344,-1.9811456,43.3109076,2018-04-17 11:33:09.988000,2018-04-18 16:21:45.435000,onlyap917344,Apartamento,,2,,1,
onlyap599230518a46554e81f28886197,https://www.only-apartments.es/_/917293,-1.979771000000028,43.307991,2018-04-17 11:36:04.488000,2018-04-18 18:45:22.564000,onlyap917293,Apartamento,,5,,2,
onlyap599230518a46554e81f28886198,https://www.only-apartments.es/_/917315,-1.979771000000028,43.307991,2018-04-17 11:36:04.489000,2018-04-18 18:45:49.291000,onlyap917315,Apartamento,,5,,2,
onlyap599230518a46554e81f28886199,https://www.only-apartments.es/_/917251,-1.9798888999999917,43.3082799,2018-04-17 11:34:30.307000,2018-04-18 17:19:37.534000,onlyap917251,Apartamento,,4,,2,
onlyap599230518a46554e81f28886200,https://www.only-apartments.es/_/639747,-2.002447,43.311577,2018-03-31 17:54:26.005000,2018-04-24 10:54:58.959000,onlyap639747,Apartamento,,4,,1,
onlyap599230518a46554e81f28886201,https://www.only-apartments.es/_/917334,-2.0035123000000112,43.3117884,2018-04-17 11:36:04.510000,2018-04-18 18:48:46.469000,onlyap917334,Apartamento,,5,,3,
onlyap599230518a46554e81f28886202,https://www.only-apartments.es/_/908513,-2.006584,43.303204,2018-03-31 17:54:19.059000,2018-04-18 18:29:08.471000,onlyap908513,Apartamento,,5,,3,
onlyap599230518a46554e81f28886203,https://www.only-apartments.es/_/917221,-2.008274099999994,43.3129527,2018-04-17 11:39:09.268000,2018-04-18 21:35:13.436000,onlyap917221,Apartamento,,6,,3,
onlyap599230518a46554e81f28886204,https://www.only-apartments.es/_/917333,-2.007729499999982,43.3138057,2018-04-17 11:35:39.036000,2018-04-18 18:28:19.213000,onlyap917333,Apartamento,,5,,2,
onlyap599230518a46554e81f28886205,https://www.only-apartments.es/_/674565,-2.0020272,43.3148322,2018-04-22 22:42:18.271000,2018-04-24 07:19:01.944000,onlyap674565,Apartamento,,3,,1,
onlyap599230518a46554e81f28886206,https://www.only-apartments.es/_/917261,-2.0007663000000093,43.3150476,2018-04-17 11:39:14.408000,2018-04-18 21:37:25.297000,onlyap917261,Apartamento,,7,,4,
onlyap599230518a46554e81f28886207,https://www.only-apartments.es/_/917337,-2.0008691000000454,43.3143284,2018-04-17 11:34:30.306000,2018-04-18 17:18:55.878000,onlyap917337,Apartamento,,4,,2,
onlyap599230518a46554e81f28886208,https://www.only-apartments.es/_/917202,-2.000603500000011,43.3137554,2018-04-17 11:38:44.605000,2018-04-18 21:11:57.033000,onlyap917202,Apartamento,,6,,2,
onlyap599230518a46554e81f28886209,https://www.only-apartments.es/_/917240,-2.0003577999999607,43.313097,2018-04-17 11:38:17.706000,2018-04-18 21:00:18.745000,onlyap917240,Apartamento,,6,,3,
onlyap599230518a46554e81f28886210,https://www.only-apartments.es/_/917283,-1.9893141000000014,43.3145496,2018-04-17 11:38:17.704000,2018-04-18 20:58:45.811000,onlyap917283,Apartamento,,6,,2,
onlyap599230518a46554e81f28886211,https://www.only-apartments.es/_/917277,-1.9890381000000161,43.3149348,2018-04-17 11:40:14.880000,2018-04-18 22:31:43.651000,onlyap917277,Apartamento,,8,,3,
onlyap599230518a46554e81f28886212,https://www.only-apartments.es/_/917327,-1.98872259999996,43.3149866,2018-04-17 11:35:49.083000,2018-04-18 18:34:33.944000,onlyap917327,Apartamento,,5,,2,
onlyap599230518a46554e81f28886213,https://www.only-apartments.es/_/481020,-2.15056344864024,43.2823516306842,2018-04-17 11:32:15.755000,2018-04-23 23:30:31.392000,onlyap481020,,,,10,,
onlyap599230518a46554e81f28886214,https://www.only-apartments.es/_/653325,-2.165201,43.285826,2018-03-31 17:54:02.400000,2018-04-23 15:49:08.327000,onlyap653325,Apartamento,,4,,1,
onlyap599230518a46554e81f28886215,https://www.only-apartments.es/_/737707,-2.166735,43.280318,2018-03-31 17:54:43.979000,2018-04-18 18:29:42.866000,onlyap737707,Apartamento,,5,,3,
onlyap599230518a46554e81f28886216,https://www.only-apartments.es/_/639705,-2.17771,43.28352,2018-03-31 17:54:19.059000,2018-04-24 03:20:37.043000,onlyap639705,Apartamento,,4,,2,
onlyap599230518a46554e81f28886217,https://www.only-apartments.es/_/639710,-2.176555,43.286338,2018-03-31 17:55:27.546000,2018-04-18 22:40:34.509000,onlyap639710,Apartamento,,8,,4,
onlyap599230518a46554e81f28886218,https://www.only-apartments.es/_/689457,-2.208264,43.300895,2018-03-31 17:54:43.978000,2018-04-18 18:40:40.802000,onlyap689457,Casa,,5,,3,
onlyap599230518a46554e81f28886219,https://www.only-apartments.es/_/723673,-2.206657,43.302873,2018-03-31 17:55:00.897000,2018-04-18 20:17:03.043000,onlyap723673,Apartamento,,6,,4,
onlyap599230518a46554e81f28886220,https://www.only-apartments.es/_/639732,-2.206657,43.302873,2018-03-31 17:55:05.824000,2018-04-18 20:31:11.277000,onlyap639732,Apartamento,,6,,3,
onlyap599230518a46554e81f28886221,https://www.only-apartments.es/_/651654,-2.206657,43.302873,2018-03-31 17:55:09.509000,2018-04-18 20:41:14.560000,onlyap651654,Apartamento,,6,,3,
onlyap599230518a46554e81f28886222,https://www.only-apartments.es/_/712455,-2.229707,43.303703,2018-03-31 17:55:31.688000,2018-04-18 23:05:23.831000,onlyap712455,Apartamento,,11,,5,
onlyap599230518a46554e81f28886223,https://www.only-apartments.es/_/639746,-2.256539,43.29706,2018-03-31 17:55:14.198000,2018-04-18 21:11:54.029000,onlyap639746,Apartamento,,6,,2,
onlyap599230518a46554e81f28886224,https://www.only-apartments.es/_/639742,-2.256635,43.297563,2018-03-31 17:55:00.899000,2018-04-18 20:02:54.550000,onlyap639742,Apartamento,,6,,3,
onlyap599230518a46554e81f28886225,https://www.only-apartments.es/_/639748,-2.258726,43.292301,2018-03-31 17:55:27.545000,2018-04-18 22:25:17.418000,onlyap639748,Apartamento,,8,,4,
onlyap599230518a46554e81f28886226,https://www.only-apartments.es/_/639703,-2.259699,43.291855,2018-04-17 11:34:47.851000,2018-04-18 17:37:32.700000,onlyap639703,Apartamento,,2,,1,
onlyap599230518a46554e81f28886227,https://www.only-apartments.es/_/673976,-2.257697,43.298102,2018-03-31 17:54:10.131000,2018-04-23 22:17:50.275000,onlyap673976,Apartamento,,4,,2,
onlyap599230518a46554e81f28886228,https://www.only-apartments.es/_/639718,-2.2572,43.29843,2018-03-31 17:55:14.200000,2018-04-18 21:35:02.791000,onlyap639718,Apartamento,,7,,3,
onlyap599230518a46554e81f28886229,https://www.only-apartments.es/_/639731,-2.34961,43.29831,2018-03-31 17:55:09.509000,2018-04-18 20:41:22.301000,onlyap639731,Casa rural,,6,,2,
onlyap599230518a46554e81f28886230,https://www.only-apartments.es/_/686139,-2.351465,43.297403,2018-03-31 17:55:27.545000,2018-04-18 22:45:08.003000,onlyap686139,Apartamento,,4,1,2,
onlyap599230518a46554e81f28886231,https://www.only-apartments.es/_/737706,-2.353502,43.294458,2018-03-31 17:54:43.979000,2018-04-18 18:40:09.590000,onlyap737706,Apartamento,,5,,3,
onlyap599230518a46554e81f28886232,https://www.only-apartments.es/_/699328,-2.356626,43.291108,2018-03-31 17:54:26.004000,2018-04-24 12:05:51.195000,onlyap699328,Apartamento,,3,,2,
onlyap599230518a46554e81f28886233,https://www.only-apartments.es/_/639720,-2.354876,43.291994,2018-03-31 17:55:09.508000,2018-04-18 21:08:58.807000,onlyap639720,Apartamento,,6,,3,
onlyap599230518a46554e81f28886234,https://www.only-apartments.es/_/648651,-2.354102,43.292015,2018-03-31 17:54:40.509000,2018-04-18 18:20:56.984000,onlyap648651,Apartamento,,5,,3,
onlyap599230518a46554e81f28886235,https://www.only-apartments.es/_/639735,-2.353031,43.293257,2018-03-31 17:55:00.887000,2018-04-18 20:04:08.008000,onlyap639735,Apartamento,,6,,3,
onlyap599230518a46554e81f28886236,https://www.only-apartments.es/_/699552,-2.362662,43.204306,2018-03-31 17:55:31.687000,2018-04-18 23:04:06.432000,onlyap699552,Apartamento,,10,,4,
onlyap599230518a46554e81f28886237,https://www.only-apartments.es/_/639709,-2.402353,43.22672,2018-03-31 17:55:27.544000,2018-04-18 22:33:00.495000,onlyap639709,Casa rural,,8,,4,
onlyap599230518a46554e81f28886238,https://www.only-apartments.es/_/639706,-2.412802,43.215864,2018-03-31 17:54:29.301000,2018-04-18 17:05:33.990000,onlyap639706,Apartamento,,4,,2,
onlyap599230518a46554e81f28886239,https://www.only-apartments.es/_/639704,-2.388984,43.250063,2018-03-31 17:54:32.474000,2018-04-18 17:33:31.334000,onlyap639704,Apartamento,,4,,2,
onlyap599230518a46554e81f28886240,https://www.only-apartments.es/_/639713,-2.388508,43.250444,2018-03-31 17:55:14.198000,2018-04-18 21:13:36.401000,onlyap639713,Apartamento,,6,,3,
onlyap599230518a46554e81f28886241,https://www.only-apartments.es/_/639708,-2.388292,43.254254,2018-03-31 17:54:43.978000,2018-04-18 18:45:19.549000,onlyap639708,Apartamento,,5,,3,
onlyap599230518a46554e81f28886242,https://www.only-apartments.es/_/639722,-2.387592,43.254261,2018-03-31 17:54:32.473000,2018-04-18 17:32:13.055000,onlyap639722,Apartamento,,4,,2,
onlyap599230518a46554e81f28886243,https://www.only-apartments.es/_/639736,-2.387592,43.254261,2018-03-31 17:55:18.723000,2018-04-18 21:36:22.038000,onlyap639736,Apartamento,,7,,5,
onlyap599230518a46554e81f28886244,https://www.only-apartments.es/_/686144,-2.389786,43.307684,2018-03-31 17:55:14.199000,2018-04-18 21:12:49.661000,onlyap686144,Apartamento,,6,,3,
onlyap599230518a46554e81f28886245,https://www.only-apartments.es/_/639739,-2.389676,43.306657,2018-03-31 17:55:18.726000,2018-04-18 21:36:06.464000,onlyap639739,Apartamento,,7,,4,
onlyap599230518a46554e81f28886246,https://www.only-apartments.es/_/639738,-2.390075,43.306788,2018-03-31 17:55:18.723000,2018-04-18 21:35:53.876000,onlyap639738,Apartamento,,7,,4,
onlyap599230518a46554e81f28886247,https://www.only-apartments.es/_/648653,-2.383818,43.305465,2018-03-31 17:55:14.198000,2018-04-18 21:15:37.218000,onlyap648653,Apartamento,,6,,3,
