id,reviews,last_review
20407971,3,September 2017
12163858,79,March 2018
20049421,79,March 2018
6984987,79,March 2018
18030259,20,January 2018
19939593,20,January 2018
6817855,20,January 2018
18954232,20,January 2018
14131984,20,January 2018
18699540,20,January 2018
4902102,20,January 2018
17427845,Nor(yt),January 2018
14678064,6,July 2017
20225612,6,July 2017
18441258,3,May 2017
1445649,26,September 2017
11833673,22,April 2018
7655728,1,August 2015
3339054,4,July 2017
8601329,4,July 2017
798148,104,September 2017
7071231,22,October 2017
19078248,11,September 2017
6489105,11,September 2017
776841,21,July 2017
864709,27,August 2017
3159884,27,August 2017
18954439,27,August 2017
18486830,11,August 2017
17296956,2,July 2017
5770437,25,July 2017
4795889,74,April 2018
7372537,74,April 2018
3158979,74,April 2018
12449277,14,July 2017
13785803,47,April 2018
19677734,47,April 2018
19852956,6,February 2018
3251754,6,February 2018
19943292,6,February 2018
3584043,26,August 2016
4068944,39,July 2015
13257009,39,July 2015
10444083,39,July 2015
19148264,39,July 2015
14086976,2,May 2017
1384704,43,March 2018
8143308,49,September 2017
3550684,73,October 2017
14971729,73,October 2017
14464440,3,August 2017
13528647,3,August 2017
19154412,6,August 2017
9497923,3,August 2016
6982731,17,July 2017
19294125,16,January 2018
3984792,49,August 2017
4084944,69,September 2017
16133205,27,March 2018
18520247,27,March 2018
20522518,49,March 2018
20265470,49,March 2018
19368687,5,July 2017
11475300,5,July 2017
6671854,5,July 2017
11673029,74,September 2017
386301,158,December 2017
12205069,158,December 2017
18429373,18,September 2017
17296289,3,October 2017
13180959,3,October 2017
17931601,3,October 2017
12727936,3,October 2017
18906245,2,May 2015
19419439,5,August 2017
8279617,110,March 2018
18906283,110,March 2018
6962225,88,April 2018
17635097,88,April 2018
19675029,88,April 2018
19695103,88,April 2018
4582345,88,April 2018
18926762,88,April 2018
11178798,18,October 2016
20355573,18,October 2016
14214938,42,October 2016
19638794,42,October 2016
20041331,42,October 2016
14572043,47,August 2017
18645929,47,August 2017
8141846,3,November 2015
13180553,3,November 2015
18029186,16,April 2017
12965971,16,April 2017
18088157,16,April 2017
13907866,49,March 2018
14796165,49,March 2018
19325959,49,March 2018
14794276,49,March 2018
19827048,49,March 2018
20259583,49,March 2018
14796091,42,April 2018
19487903,8,August 2017
19695271,8,August 2017
18904789,1,November 2017
11824215,56,October 2017
19395846,56,October 2017
12027489,4,August 2017
18699398,3,September 2017
17492435,15,August 2017
16318931,15,August 2017
18699501,1,March 2018
19208821,1,March 2018
13740655,32,March 2018
18904964,3,September 2016
18629276,3,September 2016
13879048,124,March 2018
12448448,30,June 2017
3525177,30,June 2017
9162716,88,April 2018
1822353,88,April 2018
13144790,88,April 2018
18904138,88,April 2018
13055431,88,April 2018
6080880,88,April 2018
647882,16,July 2017
12753762,16,August 2017
2837161,45,October 2017
16248668,45,October 2017
18904157,45,October 2017
18556266,45,October 2017
15387686,13,August 2017
13263441,13,August 2017
9786939,13,August 2017
751799,122,August 2017
19942708,122,August 2017
17730428,122,August 2017
1031210,122,August 2017
18556268,6,August 2017
11335572,17,September 2016
19036866,17,September 2016
14950628,17,September 2016
11206634,17,September 2016
3160001,17,September 2016
13953238,17,September 2016
19634744,17,September 2016
4259898,17,September 2016
132068,325,April 2018
2103455,325,April 2018
13191943,111,November 2017
15387685,111,November 2017
11963392,111,November 2017
9485675,111,November 2017
16452869,111,November 2017
17727714,111,November 2017
15372878,111,November 2017
12708874,111,November 2017
14289828,111,November 2017
19718312,111,November 2017
5624984,106,September 2017
1023630,106,September 2017
16076453,106,September 2017
17874517,106,September 2017
17261148,106,September 2017
17857202,106,September 2017
19311345,106,September 2017
13635720,106,September 2017
3557086,106,September 2017
13968702,106,September 2017
18904719,106,September 2017
7002527,106,September 2017
18904896,106,September 2017
1577038,106,September 2017
3171088,106,September 2017
1199247,106,September 2017
5640321,106,September 2017
8819889,106,September 2017
18906254,106,September 2017
19101690,106,September 2017
18562158,106,September 2017
13572574,106,September 2017
10672525,106,September 2017
13569712,106,September 2017
14308576,106,September 2017
7136440,106,September 2017
18904155,106,September 2017
11258078,106,September 2017
19906129,106,September 2017
7992362,106,September 2017
8561890,106,September 2017
7443112,106,September 2017
13537399,106,September 2017
17295876,106,September 2017
19238200,106,September 2017
18413951,20,September 2017
20082354,20,September 2017
15372855,20,September 2017
15965768,20,September 2017
18429552,20,September 2017
13972938,20,September 2017
11158412,20,September 2017
17466522,20,September 2017
11417988,20,September 2017
14770162,20,September 2017
5682884,20,September 2017
4817945,20,September 2017
4786831,20,September 2017
1031158,20,September 2017
16452872,20,September 2017
6550788,7,July 2017
14135742,7,July 2017
14135346,7,July 2017
19501048,7,July 2017
19834965,7,July 2017
13180870,7,July 2017
13652112,7,July 2017
18905054,7,July 2017
6140287,7,July 2017
5769895,7,July 2017
15839459,7,July 2017
20260246,7,July 2017
20437557,7,July 2017
16167436,7,July 2017
15815284,7,July 2017
14002276,7,July 2017
1208285,7,July 2017
3477157,7,July 2017
16389074,7,July 2017
15372871,7,July 2017
2220183,7,July 2017
17744909,7,July 2017
3780934,7,July 2017
3246938,7,July 2017
19118099,7,July 2017
6393642,7,July 2017
18905138,7,July 2017
13944110,7,July 2017
18904178,7,July 2017
19504679,7,July 2017
3249524,7,July 2017
19396716,7,July 2017
15541482,7,July 2017
12365696,7,July 2017
13923596,7,July 2017
6576703,7,July 2017
3249705,7,July 2017
18784899,7,July 2017
11956443,7,July 2017
19578418,7,July 2017
5474052,7,July 2017
15387683,7,July 2017
20179204,7,July 2017
18196475,7,July 2017
13297070,7,July 2017
7695882,7,July 2017
18927291,7,July 2017
14136099,7,July 2017
18904140,7,July 2017
13922706,7,July 2017
18005816,7,July 2017
14102053,11,October 2017
19465091,11,October 2017
13602345,11,October 2017
16182140,11,October 2017
14185138,11,October 2017
13872646,11,October 2017
20112761,11,October 2017
18422112,11,October 2017
3162944,11,October 2017
3162355,11,October 2017
7476559,11,October 2017
15372869,11,October 2017
15173012,11,October 2017
18006105,11,October 2017
15478619,11,October 2017
18671163,11,October 2017
15839406,11,October 2017
5723880,11,October 2017
11081901,11,October 2017
13968061,11,October 2017
13287668,11,October 2017
11451104,11,October 2017
13342007,11,October 2017
13254769,11,October 2017
6166347,11,October 2017
18864137,11,October 2017
18467133,11,October 2017
16949635,11,October 2017
14000878,11,October 2017
19249741,11,October 2017
19886080,11,October 2017
6601734,11,October 2017
19976004,11,October 2017
13738765,11,October 2017
1587488,11,October 2017
6756472,11,October 2017
18904202,11,October 2017
12230581,11,October 2017
14031801,11,October 2017
19243769,11,October 2017
11882082,11,October 2017
15372858,11,October 2017
11838441,11,October 2017
5633893,11,October 2017
20099516,11,October 2017
7634132,11,October 2017
19845891,11,October 2017
16436957,11,October 2017
2137568,11,October 2017
10721038,11,October 2017
18699662,11,October 2017
13819345,11,October 2017
429887,11,October 2017
11921622,11,October 2017
13442298,11,October 2017
19891722,11,October 2017
10482202,11,October 2017
19174311,11,October 2017
404270,11,October 2017
12315284,11,October 2017
18905411,11,October 2017
18046440,11,October 2017
5265754,11,October 2017
13834595,11,October 2017
13463297,11,October 2017
443362,11,October 2017
19397288,11,October 2017
19910343,11,October 2017
17325749,11,October 2017
1928655,11,October 2017
16540858,11,October 2017
13042727,11,October 2017
1194800,11,October 2017
12718237,11,October 2017
18151092,11,October 2017
7182965,11,October 2017
3169268,11,October 2017
1928837,11,October 2017
13570662,11,October 2017
17340383,11,October 2017
3159510,11,October 2017
2682230,11,October 2017
13505774,11,October 2017
17327566,11,October 2017
14248043,11,October 2017
17562571,11,October 2017
7049635,11,October 2017
19845753,11,October 2017
12945082,11,October 2017
19834612,11,October 2017
14287621,11,October 2017
3745814,11,October 2017
3745292,11,October 2017
7624933,11,October 2017
20264346,11,October 2017
16317370,11,October 2017
3137537,11,October 2017
17327221,11,October 2017
6637312,11,October 2017
3618795,11,October 2017
1309027,11,October 2017
1013835,11,October 2017
9554187,11,October 2017
13189766,11,October 2017
13202070,11,October 2017
14349659,11,October 2017
16182152,11,October 2017
2757647,11,October 2017
10743698,11,October 2017
11709021,11,October 2017
11616537,11,October 2017
5368288,11,October 2017
12000438,11,October 2017
18224349,11,October 2017
12178871,11,October 2017
1939672,11,October 2017
17842698,11,October 2017
13203184,11,October 2017
7455623,11,October 2017
7210855,11,October 2017
3745990,11,October 2017
12167963,11,October 2017
13214036,11,October 2017
15880285,11,October 2017
1939684,11,October 2017
15372852,11,October 2017
3227134,11,October 2017
1354162,11,October 2017
7202610,11,October 2017
11163966,11,October 2017
13202713,11,October 2017
17339734,11,October 2017
15372846,11,October 2017
20687864,11,October 2017
13223021,11,October 2017
20676037,11,October 2017
19772392,11,October 2017
17579890,11,October 2017
18905511,11,October 2017
19378395,11,October 2017
7738543,11,October 2017
11608720,11,October 2017
20533610,11,October 2017
458864,11,October 2017
13340911,11,October 2017
20687338,11,October 2017
1780666,11,October 2017
14047934,11,October 2017
13888648,11,October 2017
13218269,11,October 2017
5199092,11,October 2017
18066361,11,October 2017
13222919,11,October 2017
8590261,11,October 2017
20492306,11,October 2017
17843113,11,October 2017
19897169,11,October 2017
9181939,11,October 2017
5201872,11,October 2017
18070434,11,October 2017
11816128,11,October 2017
6343466,11,October 2017
15372850,11,October 2017
13765784,11,October 2017
9354986,11,October 2017
18905416,11,October 2017
4493416,11,October 2017
15474995,11,October 2017
5516035,11,October 2017
7442548,11,October 2017
14622081,11,October 2017
14063426,11,October 2017
18699539,11,October 2017
18904699,11,October 2017
14215460,11,October 2017
7656677,11,October 2017
17011588,11,October 2017
15839442,11,October 2017
7228867,11,October 2017
15698671,11,October 2017
3676971,11,October 2017
4569039,11,October 2017
15710627,11,October 2017
18904788,11,October 2017
15372865,11,October 2017
3610727,11,October 2017
19632814,11,October 2017
18904579,11,October 2017
15827839,11,October 2017
19005219,11,October 2017
14475870,11,October 2017
14218654,11,October 2017
19151994,11,October 2017
8945213,11,October 2017
17843093,11,October 2017
1906056,11,October 2017
16174665,11,October 2017
15910526,11,October 2017
18029200,11,October 2017
3244163,11,October 2017
11932112,11,October 2017
8135356,11,October 2017
13505247,11,October 2017
18170083,11,October 2017
18093230,11,October 2017
11459309,11,October 2017
18098665,11,October 2017
5035449,11,October 2017
16283235,11,October 2017
19762486,11,October 2017
18188587,11,October 2017
19172700,11,October 2017
3436126,11,October 2017
2976431,11,October 2017
20240061,11,October 2017
14973333,11,October 2017
1183104,11,October 2017
13205479,11,October 2017
19604299,11,October 2017
13529871,11,October 2017
13819786,11,October 2017
18904793,11,October 2017
18910520,11,October 2017
581473,11,October 2017
20493443,11,October 2017
19016082,11,October 2017
17326731,11,October 2017
7900476,11,October 2017
17228782,11,October 2017
2896777,11,October 2017
16541622,11,October 2017
13259269,11,October 2017
4866919,11,October 2017
14285245,11,October 2017
13570492,11,October 2017
16541021,11,October 2017
15927699,11,October 2017
14742935,11,October 2017
20012584,11,October 2017
19684740,11,October 2017
3691185,11,October 2017
929190,11,October 2017
5648493,11,October 2017
10485968,11,October 2017
18699516,11,October 2017
18098311,11,October 2017
18086071,11,October 2017
12993434,11,October 2017
5683417,11,October 2017
20043189,16,October 2017
13537499,16,October 2017
11855805,16,October 2017
16283113,16,October 2017
1340524,16,October 2017
13147422,16,October 2017
5735937,16,October 2017
18892338,16,October 2017
11524372,16,October 2017
8369620,16,October 2017
19418455,15,December 2017
8422266,15,December 2017
20384524,15,December 2017
9401190,15,December 2017
13026026,15,December 2017
5387741,15,December 2017
4358243,15,December 2017
4380557,15,December 2017
10219260,15,December 2017
457366,15,December 2017
5858640,15,December 2017
3252963,15,December 2017
8302426,15,December 2017
3253177,15,December 2017
4390976,15,December 2017
3252888,15,December 2017
18554554,15,December 2017
8296851,15,December 2017
10668807,26,October 2017
3252980,26,October 2017
12862977,26,October 2017
3261561,26,October 2017
3253107,26,October 2017
14659615,26,October 2017
9762074,26,October 2017
17976071,26,October 2017
18904422,26,October 2017
18904473,26,October 2017
3251966,26,October 2017
13546468,26,October 2017
13286702,26,October 2017
17439831,26,October 2017
13580726,26,October 2017
20058502,26,October 2017
3285646,26,October 2017
7318896,26,October 2017
580895,26,October 2017
7036560,26,October 2017
8543603,26,October 2017
7036067,26,October 2017
13750093,26,October 2017
17251527,26,October 2017
15387682,26,October 2017
19834922,26,October 2017
2701284,26,October 2017
5274012,26,October 2017
12863058,26,October 2017
5734405,26,October 2017
12962786,26,October 2017
12031257,26,October 2017
10014321,26,October 2017
11584209,26,October 2017
1629919,26,October 2017
19114086,26,October 2017
12819503,26,October 2017
18925685,26,October 2017
19967476,26,October 2017
17038985,26,October 2017
18892339,26,October 2017
18904141,26,October 2017
14209083,26,October 2017
15029638,26,October 2017
14024926,26,October 2017
11840392,26,October 2017
13340414,26,October 2017
11841000,26,October 2017
14800412,26,October 2017
5004382,26,October 2017
4444961,26,October 2017
20509200,26,October 2017
961100,26,October 2017
18904161,26,October 2017
9440771,26,October 2017
3160737,26,October 2017
12005871,26,October 2017
13340659,26,October 2017
18208031,26,October 2017
18904139,26,October 2017
12376366,26,October 2017
1533333,26,October 2017
1561148,26,October 2017
7508034,26,October 2017
13292430,26,October 2017
13779980,26,October 2017
18904846,26,October 2017
1795884,26,October 2017
18905123,26,October 2017
15056897,26,October 2017
12504696,26,October 2017
7476542,26,October 2017
14949135,26,October 2017
3634833,26,October 2017
10003402,26,October 2017
263613,26,October 2017
11965570,26,October 2017
4294151,26,October 2017
19977830,26,October 2017
6596247,26,October 2017
6165633,26,October 2017
1232252,26,October 2017
11847652,26,October 2017
18905534,26,October 2017
9441504,26,October 2017
18905188,26,October 2017
8055609,26,October 2017
20262592,26,October 2017
664737,26,October 2017
17505602,26,October 2017
14035269,26,October 2017
17133294,26,October 2017
5342320,26,October 2017
18906109,26,October 2017
18904317,26,October 2017
6195486,26,October 2017
8544793,26,October 2017
13557287,26,October 2017
19537774,26,October 2017
18904255,26,October 2017
12936699,26,October 2017
20097373,26,October 2017
10798114,26,October 2017
20097082,26,October 2017
4144262,26,October 2017
18904370,26,October 2017
19748959,26,October 2017
2686260,26,October 2017
6484845,26,October 2017
18904261,26,October 2017
12755860,26,October 2017
5625981,26,October 2017
18524685,26,October 2017
978143,26,October 2017
3991320,26,October 2017
18904337,26,October 2017
3677490,26,October 2017
18164025,26,October 2017
18905517,26,October 2017
14484205,26,October 2017
19505110,26,October 2017
20181238,26,October 2017
5196884,26,October 2017
10420310,26,October 2017
3245758,26,October 2017
20278684,26,October 2017
13824183,26,October 2017
3566841,26,October 2017
3222611,26,October 2017
4595193,26,October 2017
18904351,26,October 2017
18904278,26,October 2017
10084868,26,October 2017
18904293,26,October 2017
18904308,26,October 2017
15985516,26,October 2017
13433403,26,October 2017
18904811,9,September 2016
1170609,9,September 2016
4116626,9,September 2016
7423875,9,September 2016
18729076,9,September 2016
10064404,9,September 2016
19906436,9,September 2016
13177934,9,September 2016
18904751,9,September 2016
16292963,9,September 2016
15261773,9,September 2016
9310363,9,September 2016
9441586,9,September 2016
12580259,9,September 2016
1824654,9,September 2016
5622185,9,September 2016
19744576,9,September 2016
10083926,9,September 2016
19705676,9,September 2016
6099714,9,September 2016
18904825,9,September 2016
17307245,9,September 2016
6788679,9,September 2016
19919880,9,September 2016
20085978,9,September 2016
20247700,9,September 2016
9430115,9,September 2016
12902662,9,September 2016
18818952,9,September 2016
14280460,9,September 2016
15372843,9,September 2016
12537389,9,September 2016
12596013,9,September 2016
6760132,9,September 2016
12539232,9,September 2016
18905489,9,September 2016
3236239,9,September 2016
20261826,9,September 2016
18904923,9,September 2016
19302919,9,September 2016
15491311,9,September 2016
9442475,9,September 2016
18904410,9,September 2016
1430479,9,September 2016
18088167,9,September 2016
17938301,9,September 2016
16301744,9,September 2016
13221924,9,September 2016
3172855,9,September 2016
16212241,9,September 2016
2517617,9,September 2016
18904487,9,September 2016
18905412,9,September 2016
14140434,9,September 2016
18904863,9,September 2016
2648133,9,September 2016
6840640,9,September 2016
13573456,9,September 2016
19425392,9,September 2016
15342273,9,September 2016
18904142,9,September 2016
18926793,9,September 2016
14068970,9,September 2016
9440596,9,September 2016
12080074,9,September 2016
18904393,9,September 2016
18904173,9,September 2016
13161494,9,September 2016
8637295,9,September 2016
3374518,9,September 2016
19445353,9,September 2016
3417691,9,September 2016
6308079,9,September 2016
3462095,9,September 2016
18905408,9,September 2016
16285570,9,September 2016
14081045,9,September 2016
14810653,9,September 2016
717367,9,September 2016
9196210,9,September 2016
13781223,9,September 2016
10286901,9,September 2016
20352199,9,September 2016
3525305,9,September 2016
11477576,9,September 2016
18699368,9,September 2016
12620167,9,September 2016
3152846,9,September 2016
14383705,9,September 2016
19687339,9,September 2016
13138242,9,September 2016
15304373,35,April 2018
18905457,35,April 2018
18868556,35,April 2018
18906266,35,April 2018
14161535,35,April 2018
5343491,35,April 2018
18904514,35,April 2018
15372845,35,April 2018
19852597,35,April 2018
6295596,35,April 2018
15372861,35,April 2018
18904950,35,April 2018
18904897,35,April 2018
4817930,35,April 2018
5239987,35,April 2018
18904403,35,April 2018
19957149,35,April 2018
892978,35,April 2018
15372864,35,April 2018
19380458,35,April 2018
19647127,35,April 2018
17011591,35,April 2018
11288795,35,April 2018
6336199,35,April 2018
18784581,35,April 2018
11857207,35,April 2018
15372842,35,April 2018
8186982,35,April 2018
18645965,35,April 2018
8962512,35,April 2018
15372866,35,April 2018
13202920,35,April 2018
5211656,35,April 2018
2836738,35,April 2018
18906182,35,April 2018
18906467,35,April 2018
2599028,35,April 2018
16182151,35,April 2018
3854337,35,April 2018
3235865,35,April 2018
7145649,35,April 2018
13809464,35,April 2018
5567520,35,April 2018
18904879,35,April 2018
15652398,35,April 2018
7606521,35,April 2018
15839430,35,April 2018
3464203,35,April 2018
868112,35,April 2018
18699504,35,April 2018
18699505,35,April 2018
17912382,35,April 2018
15810186,35,April 2018
19964945,35,April 2018
4433690,35,April 2018
18892421,35,April 2018
899114,35,April 2018
13177586,35,April 2018
899717,35,April 2018
7656380,35,April 2018
5808861,35,April 2018
18905469,35,April 2018
13147888,35,April 2018
12870261,35,April 2018
18514336,35,April 2018
18699633,35,April 2018
2452343,35,April 2018
4817937,35,April 2018
20429694,35,April 2018
19774145,35,April 2018
14334113,35,April 2018
17129293,35,April 2018
18906208,35,April 2018
15839424,35,April 2018
18905410,27,July 2015
7286879,27,July 2015
7150915,27,July 2015
13893817,27,July 2015
18454515,27,July 2015
18699397,27,July 2015
20440068,27,July 2015
19805246,27,July 2015
18904156,27,July 2015
3243959,27,July 2015
14100613,27,July 2015
20410431,27,July 2015
1348718,27,July 2015
18890969,27,July 2015
18905218,27,July 2015
18982859,27,July 2015
11015598,27,July 2015
14090384,27,July 2015
2741188,27,July 2015
18907436,27,July 2015
14610124,19,November 2017
3085721,19,November 2017
17162909,19,November 2017
17599691,19,November 2017
18681953,19,November 2017
10394819,19,November 2017
7153003,19,November 2017
19619311,19,November 2017
3162629,19,November 2017
18560473,19,November 2017
13877121,19,November 2017
3837921,19,November 2017
11012844,19,November 2017
9519236,19,November 2017
8100527,19,November 2017
19240933,19,November 2017
14193124,19,November 2017
18906209,19,November 2017
309830,19,November 2017
6470686,19,November 2017
18904914,19,November 2017
6536472,19,November 2017
18406423,19,November 2017
309828,19,November 2017
13394906,19,November 2017
19674481,19,November 2017
12888466,19,November 2017
19685237,19,November 2017
2235597,19,November 2017
19009808,19,November 2017
13569348,19,November 2017
15839443,19,November 2017
7145822,19,November 2017
724801,19,November 2017
16182153,19,November 2017
13904780,19,November 2017
6030850,19,November 2017
309812,19,November 2017
2570559,19,November 2017
16856035,19,November 2017
18871725,19,November 2017
19818429,19,November 2017
16089213,19,November 2017
13904520,19,November 2017
20703548,19,November 2017
19675794,19,November 2017
19380689,19,November 2017
12859783,19,November 2017
15372857,19,November 2017
21955191,19,November 2017
15388317,28,September 2016
18169668,28,September 2016
309813,28,September 2016
8280115,28,September 2016
7393454,28,September 2016
14166372,28,September 2016
17087693,28,September 2016
2878251,28,September 2016
5235841,28,September 2016
6746281,28,September 2016
19680934,28,September 2016
15372849,7,October 2017
12015030,7,October 2017
15839412,7,October 2017
15453886,7,October 2017
8139289,7,October 2017
14627374,7,October 2017
18425592,7,October 2017
11177744,7,October 2017
18906646,7,October 2017
3780999,7,October 2017
19096673,7,October 2017
2570194,7,October 2017
1337901,7,October 2017
16182197,7,October 2017
19902181,7,October 2017
6981680,7,October 2017
16211443,7,October 2017
16280318,7,October 2017
13821183,7,October 2017
7729700,7,October 2017
18711829,7,October 2017
20135260,7,October 2017
11840349,7,October 2017
7481367,7,October 2017
12204440,60,September 2017
940996,60,September 2017
2616852,60,September 2017
2503586,60,September 2017
15372848,60,September 2017
20352610,60,September 2017
8480318,60,September 2017
7655712,60,September 2017
17236339,60,September 2017
3055252,60,September 2017
13597914,60,September 2017
6796065,60,September 2017
20022884,60,September 2017
16143490,60,September 2017
20214113,60,September 2017
14004634,60,September 2017
13293467,60,September 2017
13309628,60,September 2017
2499673,31,October 2017
714318,31,October 2017
12090057,31,October 2017
6597558,31,October 2017
17760402,31,October 2017
15839447,31,October 2017
946518,12,September 2017
19919375,12,September 2017
20214488,12,September 2017
3161992,12,September 2017
19378688,12,September 2017
14794910,12,September 2017
3790137,12,September 2017
14942164,12,September 2017
5484212,12,September 2017
13663631,12,September 2017
1475223,12,September 2017
15250230,12,September 2017
18905550,12,September 2017
7123474,12,September 2017
8268078,12,September 2017
19241077,12,September 2017
3046011,12,September 2017
12360634,12,September 2017
14456374,12,September 2017
9099519,12,September 2017
19993835,12,September 2017
18168064,12,September 2017
14244064,12,September 2017
20121714,12,September 2017
13051530,12,September 2017
15372859,12,September 2017
7668332,12,September 2017
8039313,12,September 2017
19240713,12,September 2017
14277168,12,September 2017
14292389,12,September 2017
19240929,12,September 2017
15887884,12,September 2017
15372876,12,September 2017
18892423,12,September 2017
18905496,12,September 2017
14496805,12,September 2017
17942183,12,September 2017
13280379,12,September 2017
5534728,12,September 2017
19543693,12,September 2017
17410514,12,September 2017
18341267,12,September 2017
15308066,12,September 2017
11654913,12,September 2017
7041725,12,September 2017
19901258,12,September 2017
8730146,12,September 2017
3253361,12,September 2017
11615640,12,September 2017
14200220,12,September 2017
14794731,1,September 2016
3160281,1,September 2016
11172886,1,September 2016
18834781,1,September 2016
11478998,1,September 2016
18627679,1,September 2016
15016329,1,September 2016
19698418,1,September 2016
14177887,1,September 2016
11178349,1,September 2016
13483112,1,September 2016
19843980,1,September 2016
13259307,1,September 2016
11924498,1,September 2016
19466091,1,September 2016
6296433,1,September 2016
721486,1,September 2016
9581932,1,September 2016
18904254,1,September 2016
13260368,1,September 2016
13874908,1,September 2016
13372526,1,September 2016
13151689,1,September 2016
19989928,1,September 2016
13582606,1,September 2016
20372064,1,September 2016
6735761,1,September 2016
11932514,1,September 2016
18905039,1,September 2016
14136159,1,September 2016
11924738,1,September 2016
11924664,1,September 2016
20158939,1,September 2016
2360889,1,September 2016
19062608,1,September 2016
19444648,1,September 2016
13723888,1,September 2016
13527007,1,September 2016
19951425,1,September 2016
5991007,1,September 2016
17528439,1,September 2016
11924608,1,September 2016
16332816,1,September 2016
20369674,1,September 2016
11644663,1,September 2016
20414877,1,September 2016
18905413,1,September 2016
3251911,1,September 2016
4727567,1,September 2016
18385276,1,September 2016
11924218,1,September 2016
7274373,1,September 2016
3244266,1,September 2016
3129902,1,September 2016
12285403,1,September 2016
12238642,1,September 2016
20443988,9,September 2017
9190335,9,September 2017
18904151,9,September 2017
14776337,9,September 2017
6209628,9,September 2017
4451808,9,September 2017
20160820,9,August 2017
18092463,9,August 2017
6911007,9,August 2017
7298958,9,August 2017
14364526,9,August 2017
19465251,9,August 2017
8190712,9,August 2017
20264790,9,August 2017
20347547,9,August 2017
13584178,9,August 2017
19853178,9,August 2017
18152257,9,August 2017
14338679,9,August 2017
17491863,9,August 2017
18164617,19,November 2017
15729119,19,November 2017
18904152,19,November 2017
18904158,19,November 2017
19666886,19,November 2017
19108714,19,November 2017
13181486,19,November 2017
6287659,19,November 2017
3511680,19,November 2017
19599992,19,November 2017
1851931,19,November 2017
5915598,19,November 2017
16805315,23,April 2018
17440902,23,April 2018
17680570,23,April 2018
2450954,23,April 2018
11085090,23,April 2018
17486677,23,April 2018
20508491,23,April 2018
12671237,23,April 2018
7476508,23,April 2018
6285189,23,April 2018
15504339,23,April 2018
3162800,23,April 2018
18005009,23,April 2018
10744513,23,April 2018
13411305,23,April 2018
13218914,23,April 2018
18904215,23,April 2018
18423263,23,April 2018
18905097,23,April 2018
15168811,23,April 2018
18905047,23,April 2018
18420630,23,April 2018
14765984,23,April 2018
18904468,23,April 2018
18904503,Nor(yt),April 2018
3169377,20,October 2017
13905870,20,October 2017
10814846,20,October 2017
14137494,20,October 2017
19826719,20,October 2017
3832120,20,October 2017
19079431,20,October 2017
2147082,20,October 2017
15967761,20,October 2017
13862295,20,October 2017
18905064,20,October 2017
13167737,20,October 2017
18905080,20,October 2017
903053,20,October 2017
13929849,20,October 2017
8420968,20,October 2017
18595070,20,October 2017
14083317,20,October 2017
6264761,20,October 2017
13683226,20,October 2017
20201461,20,October 2017
3773341,20,October 2017
10826667,20,October 2017
16182150,20,October 2017
6668188,20,October 2017
13079986,20,October 2017
14395834,20,October 2017
20165123,20,October 2017
18430916,20,October 2017
4621581,20,October 2017
19820708,20,October 2017
19030351,20,October 2017
6541858,20,October 2017
17972810,20,October 2017
19352482,20,October 2017
19928059,20,October 2017
6956521,20,October 2017
15037088,20,October 2017
4808309,20,October 2017
12999148,20,October 2017
4079421,20,October 2017
13188893,20,October 2017
12041076,20,October 2017
18880704,20,October 2017
17446740,20,October 2017
14001991,20,October 2017
13603790,20,October 2017
19552221,20,October 2017
14698883,20,October 2017
19749259,20,October 2017
524624,20,October 2017
19373808,20,October 2017
7753952,20,October 2017
9611460,20,October 2017
13254167,20,October 2017
13602701,20,October 2017
7066839,20,October 2017
8914624,20,October 2017
5061885,20,October 2017
14310984,20,October 2017
18997824,20,October 2017
8094046,20,October 2017
19757687,20,October 2017
19045064,20,October 2017
13576502,20,October 2017
1674721,20,October 2017
17248743,20,October 2017
19799564,20,October 2017
20079253,20,October 2017
13110715,20,October 2017
605129,20,October 2017
1114735,20,October 2017
19888995,20,October 2017
5882657,20,October 2017
19678470,20,October 2017
19880340,20,October 2017
14801526,20,October 2017
19558629,20,October 2017
18106765,20,October 2017
3118104,20,October 2017
6394200,20,October 2017
13728718,20,October 2017
3015378,20,October 2017
18622105,20,October 2017
20129636,20,October 2017
6608475,20,October 2017
15030547,20,October 2017
20087196,20,October 2017
14007561,20,October 2017
19084488,20,October 2017
13461544,20,October 2017
13098018,20,October 2017
19133332,20,October 2017
19888664,20,October 2017
20318793,20,October 2017
19463113,20,October 2017
17563376,20,October 2017
1039110,20,October 2017
6919822,20,October 2017
7700999,20,October 2017
7275701,20,October 2017
16685481,20,October 2017
10205568,65,July 2017
19255850,65,July 2017
3239025,65,July 2017
13130875,65,July 2017
13748628,65,July 2017
19884950,65,July 2017
19884665,65,July 2017
17789494,65,July 2017
19745269,65,July 2017
13680596,65,July 2017
9135070,65,July 2017
19873416,65,July 2017
6955120,65,July 2017
15839410,65,July 2017
19668189,65,July 2017
19451548,65,July 2017
13949419,65,July 2017
14211714,65,July 2017
14122984,65,July 2017
18400012,65,July 2017
19387747,65,July 2017
15843515,65,July 2017
605611,65,July 2017
6296012,65,July 2017
19324368,65,July 2017
1600886,65,July 2017
2680891,65,July 2017
13375532,65,July 2017
14487033,65,July 2017
6928338,65,July 2017
5726660,65,July 2017
13483261,65,July 2017
3202524,65,July 2017
19643180,65,July 2017
11135128,65,July 2017
19842248,65,July 2017
19386468,65,July 2017
19347065,65,July 2017
19842519,65,July 2017
19062270,65,July 2017
19386087,65,July 2017
19407742,65,July 2017
5340758,65,July 2017
19843315,65,July 2017
20073486,65,July 2017
8243252,65,July 2017
4595860,65,July 2017
18759404,65,July 2017
9610442,65,July 2017
6928319,65,July 2017
20552462,65,July 2017
20356243,65,July 2017
3417369,65,July 2017
20072218,65,July 2017
9304433,65,July 2017
3893488,65,July 2017
5532656,65,July 2017
5527833,65,July 2017
5528159,65,July 2017
5532868,65,July 2017
19930162,65,July 2017
13730608,65,July 2017
10672767,65,July 2017
19421733,65,July 2017
11115307,65,July 2017
14273777,65,July 2017
4381429,65,July 2017
15882557,65,July 2017
15884542,65,July 2017
22370224,65,July 2017
18244939,65,July 2017
15884979,65,July 2017
15885481,65,July 2017
14641053,65,July 2017
8731482,65,July 2017
11601014,65,July 2017
8808589,47,July 2016
6842548,47,July 2016
3299602,47,July 2016
19928959,47,July 2016
2421012,47,July 2016
18115160,47,July 2016
19929379,4,October 2017
9895363,4,October 2017
7873277,4,October 2017
9630509,4,October 2017
17569427,4,October 2017
11670089,4,October 2017
19904881,4,October 2017
1062831,4,October 2017
19930069,4,October 2017
19990984,4,October 2017
19403173,4,October 2017
6979564,4,October 2017
14214583,4,October 2017
4382676,4,October 2017
19545073,4,October 2017
14114054,4,October 2017
13825978,4,October 2017
15533668,4,October 2017
3408178,4,October 2017
2361853,4,October 2017
18822052,4,October 2017
13274569,4,October 2017
12646798,4,October 2017
14023737,4,October 2017
11426933,4,October 2017
796513,4,October 2017
4260158,4,October 2017
13588989,4,October 2017
23991800,4,October 2017
7579287,4,October 2017
3566578,4,October 2017
8268813,4,October 2017
18157994,4,October 2017
18839326,4,October 2017
13482205,4,October 2017
3365802,4,October 2017
7341821,4,October 2017
13491086,4,October 2017
22220416,4,October 2017
7675379,4,October 2017
385248,4,October 2017
6915646,4,October 2017
13228549,4,October 2017
16892774,4,October 2017
19706893,4,October 2017
19764700,4,October 2017
19590357,4,October 2017
19669784,4,October 2017
14336005,4,October 2017
14059796,4,October 2017
20167928,4,October 2017
19885705,4,October 2017
12831825,4,October 2017
14435668,4,October 2017
18529790,4,October 2017
20064286,4,October 2017
19867659,4,October 2017
20169541,4,October 2017
11862351,4,October 2017
13968130,4,October 2017
15047648,4,October 2017
14529508,4,October 2017
20659156,4,October 2017
14382086,4,October 2017
21480401,4,October 2017
7302559,4,October 2017
23972409,4,October 2017
13261915,4,October 2017
18893628,4,October 2017
13459152,4,October 2017
3634710,4,October 2017
8960699,4,October 2017
19193359,4,October 2017
18235151,4,October 2017
19448862,4,October 2017
6436482,4,October 2017
18753164,4,October 2017
12213602,4,October 2017
14311011,4,October 2017
19418368,4,October 2017
18873856,4,October 2017
2389434,4,October 2017
11173702,4,October 2017
23749734,4,October 2017
22918319,4,October 2017
19949638,4,October 2017
18033614,4,October 2017
7865054,4,October 2017
14137006,4,October 2017
13402485,4,October 2017
13737912,4,October 2017
15418618,4,October 2017
15418244,4,October 2017
15418493,4,October 2017
12283388,4,October 2017
16329112,4,October 2017
13737789,4,October 2017
13737301,4,October 2017
20276241,4,October 2017
18035607,4,October 2017
4983780,4,October 2017
15839409,4,October 2017
17823919,4,October 2017
16997873,4,October 2017
14415488,4,October 2017
12889661,4,October 2017
3090961,4,October 2017
15406414,4,October 2017
2054315,4,October 2017
20063676,4,October 2017
14927402,4,October 2017
1864250,4,October 2017
3388519,4,October 2017
12633643,4,October 2017
7239871,4,October 2017
11887672,4,October 2017
618478,4,October 2017
3901667,31,August 2016
2049354,31,August 2016
11864183,31,August 2016
13766653,31,August 2016
19128777,31,August 2016
360571,31,August 2016
13272294,31,August 2016
3537475,31,August 2016
7899653,31,August 2016
19998202,31,August 2016
5426376,31,August 2016
15243547,31,August 2016
20637791,31,August 2016
12470513,31,August 2016
13778384,31,August 2016
16438265,31,August 2016
8978178,31,August 2016
14622389,31,August 2016
4985845,31,August 2016
20260388,31,August 2016
20202367,31,August 2016
13777888,31,August 2016
11841200,31,August 2016
19326334,31,August 2016
18905426,31,August 2016
13382824,31,August 2016
18905437,31,August 2016
5486987,31,August 2016
3152130,31,August 2016
18495754,31,August 2016
5926571,31,August 2016
7822729,31,August 2016
12866281,31,August 2016
12792369,31,August 2016
2688726,31,August 2016
13335756,31,August 2016
12866684,31,August 2016
15492984,31,August 2016
11954209,31,August 2016
12668959,31,August 2016
18904145,31,August 2016
18904144,31,August 2016
12237292,31,August 2016
19011805,31,August 2016
7625179,31,August 2016
19291910,31,August 2016
9194484,31,August 2016
15053866,31,August 2016
13389434,31,August 2016
11724414,31,August 2016
13729851,31,August 2016
13746640,31,August 2016
10606353,31,August 2016
17952171,31,August 2016
14699204,31,August 2016
18892422,31,August 2016
18904154,31,August 2016
15768321,31,August 2016
3985850,31,August 2016
19613987,31,August 2016
18904464,31,August 2016
6463961,31,August 2016
2787172,31,August 2016
7472980,31,August 2016
13390724,31,August 2016
18051331,31,August 2016
14664874,31,August 2016
18926521,31,August 2016
18051727,31,August 2016
10995510,31,August 2016
19660856,31,August 2016
2610097,31,August 2016
14664567,31,August 2016
7466071,31,August 2016
11800377,31,August 2016
19586041,31,August 2016
417854,31,August 2016
13500986,31,August 2016
9235251,31,August 2016
19534799,31,August 2016
9540821,31,August 2016
18447879,31,August 2016
19487468,31,August 2016
19522877,31,August 2016
13775202,31,August 2016
11965228,31,August 2016
4049225,31,August 2016
19111921,31,August 2016
4101647,31,August 2016
14215224,31,August 2016
8348511,31,August 2016
7283897,31,August 2016
1184044,31,August 2016
16328062,31,August 2016
10013906,31,August 2016
16707002,31,August 2016
1061559,31,August 2016
7741937,31,August 2016
12679828,31,August 2016
11138738,31,August 2016
4114845,31,August 2016
4706285,31,August 2016
23364665,31,August 2016
14413374,31,August 2016
15740477,31,August 2016
13287136,31,August 2016
991935,31,August 2016
13891341,31,August 2016
17073272,31,August 2016
18986680,31,August 2016
6720114,31,August 2016
14382805,31,August 2016
19708526,31,August 2016
2923267,31,August 2016
3410226,31,August 2016
7463551,31,August 2016
14705060,31,August 2016
19963453,31,August 2016
17269593,31,August 2016
14959238,31,August 2016
14151828,31,August 2016
23765014,31,August 2016
18079256,31,August 2016
14539955,31,August 2016
14482194,31,August 2016
14052636,31,August 2016
16895695,31,August 2016
18624407,31,August 2016
8834413,31,August 2016
19153429,31,August 2016
4467063,31,August 2016
18068699,31,August 2016
5024971,31,August 2016
19778979,31,August 2016
488587,31,August 2016
14300509,31,August 2016
19130554,31,August 2016
16118909,31,August 2016
19377623,31,August 2016
13090185,31,August 2016
1159799,31,August 2016
10828232,31,August 2016
6586554,31,August 2016
15710728,31,August 2016
18099487,31,August 2016
1332281,31,August 2016
14219233,31,August 2016
20028391,31,August 2016
5564588,31,August 2016
18588945,31,August 2016
3726495,31,August 2016
544285,31,August 2016
16120427,31,August 2016
13720557,31,August 2016
14301590,31,August 2016
3427448,31,August 2016
7207966,31,August 2016
11886384,31,August 2016
19113487,31,August 2016
13502748,31,August 2016
18124581,31,August 2016
16022528,7,December 2016
15592521,7,December 2016
23116257,7,December 2016
7196572,7,December 2016
18532953,7,December 2016
23938846,7,December 2016
7574347,7,December 2016
15993328,7,December 2016
2775223,7,December 2016
14107123,7,December 2016
13443467,7,December 2016
17972841,7,December 2016
234223,7,December 2016
10427709,7,December 2016
13696114,7,December 2016
8937924,7,December 2016
14854928,7,December 2016
7752862,7,December 2016
1410885,7,December 2016
3588078,7,December 2016
23835123,7,December 2016
18001362,7,December 2016
19734482,7,December 2016
13512473,7,December 2016
19084619,7,December 2016
21291625,7,December 2016
19503170,7,December 2016
12826009,7,December 2016
7225080,7,December 2016
15102610,7,December 2016
23411933,7,December 2016
6400724,7,December 2016
13498949,7,December 2016
17606182,7,December 2016
16676363,7,December 2016
13561012,7,December 2016
23888042,7,December 2016
13297042,7,December 2016
20118447,7,December 2016
20127470,7,December 2016
18699537,7,December 2016
18264611,7,December 2016
16621161,7,December 2016
13381177,7,December 2016
19381457,7,December 2016
13796446,7,December 2016
19632087,7,December 2016
20415000,7,December 2016
3581118,7,December 2016
18031813,7,December 2016
13785513,7,December 2016
12351169,7,December 2016
10095012,7,December 2016
18939963,7,December 2016
7562831,7,December 2016
14148770,7,December 2016
2911678,7,December 2016
19721683,7,December 2016
19738456,7,December 2016
19738595,7,December 2016
2690880,7,December 2016
15186141,7,December 2016
15031853,7,December 2016
15669238,7,December 2016
6650107,7,December 2016
18174823,7,December 2016
19618779,7,December 2016
19584334,7,December 2016
13230143,7,December 2016
19511507,7,December 2016
13202541,7,December 2016
3519337,7,December 2016
21523202,7,December 2016
18209021,7,December 2016
19404511,7,December 2016
12539512,7,December 2016
21523203,7,December 2016
874092,7,December 2016
13746707,7,December 2016
11524232,7,December 2016
2655540,7,December 2016
22259635,7,December 2016
14136363,7,December 2016
15839451,7,December 2016
6996852,7,December 2016
8254499,7,December 2016
18032330,7,December 2016
23571768,7,December 2016
8396864,7,December 2016
11841080,7,December 2016
13654842,7,December 2016
966990,7,December 2016
707329,7,December 2016
707310,7,December 2016
19464922,7,December 2016
1618029,7,December 2016
1618388,7,December 2016
7167380,7,December 2016
4416252,7,December 2016
16949649,7,December 2016
507670,7,December 2016
12966603,7,December 2016
953145,7,December 2016
953065,7,December 2016
953063,7,December 2016
953067,7,December 2016
953032,7,December 2016
953069,7,December 2016
953057,7,December 2016
6998934,7,December 2016
6124638,7,December 2016
12967246,Nor(yt),December 2016
6019504,Nor(yt),December 2016
2799378,Nor(yt),December 2016
9645009,Nor(yt),December 2016
21608931,Nor(yt),December 2016
10982667,Nor(yt),December 2016
9804286,Nor(yt),December 2016
17040310,Nor(yt),December 2016
12219819,Nor(yt),December 2016
6612631,Nor(yt),December 2016
3100541,Nor(yt),December 2016
9686552,2,July 2017
2097020,2,July 2017
18976169,2,July 2017
18929864,2,July 2017
1431906,2,July 2017
11563936,2,July 2017
6071590,2,July 2017
12884320,2,July 2017
13041101,2,July 2017
13357191,2,July 2017
13096487,2,July 2017
18320164,2,July 2017
18699502,2,July 2017
16822320,2,July 2017
1788424,2,July 2017
15285746,2,July 2017
6487451,12,July 2017
18699640,12,July 2017
2995523,12,July 2017
19745907,12,July 2017
16075312,12,July 2017
625045,12,July 2017
15266735,12,July 2017
22662377,12,July 2017
19994496,12,July 2017
430475,12,July 2017
11725346,12,July 2017
11841903,12,July 2017
18219003,12,July 2017
13507793,12,July 2017
7869417,12,July 2017
17432290,12,July 2017
13159326,12,July 2017
6372286,12,July 2017
13501925,12,July 2017
22633558,12,July 2017
18887064,12,July 2017
17085524,12,July 2017
3066401,12,July 2017
19085006,12,July 2017
13739614,12,July 2017
6968137,12,July 2017
20785623,12,July 2017
10328860,12,July 2017
3129635,12,July 2017
19094284,12,July 2017
22872473,12,July 2017
5631771,12,July 2017
10114524,12,July 2017
309802,12,July 2017
5631724,12,July 2017
10376824,12,July 2017
4924327,12,July 2017
21291736,12,July 2017
12185447,12,July 2017
21940951,12,July 2017
14479789,12,July 2017
17146614,12,July 2017
13472443,12,July 2017
13585589,12,July 2017
3689964,12,July 2017
3633876,12,July 2017
15839456,12,July 2017
3641480,12,July 2017
17264929,12,July 2017
14605389,12,July 2017
5606296,12,July 2017
19240928,12,July 2017
3129265,12,July 2017
10435804,12,July 2017
18906125,12,July 2017
3252777,12,July 2017
11296353,12,July 2017
16011998,12,July 2017
1339052,12,July 2017
17637182,12,July 2017
14853102,12,July 2017
14955683,12,July 2017
16345462,12,July 2017
13095780,12,July 2017
11605374,12,July 2017
2885361,12,July 2017
18548309,12,July 2017
7436552,12,July 2017
1218200,12,July 2017
6434251,12,July 2017
21908908,1,April 2018
21925592,1,April 2018
19085181,1,April 2018
12647700,1,April 2018
13990118,1,April 2018
6594593,1,April 2018
21580257,1,April 2018
7625399,1,April 2018
19217748,1,April 2018
14079967,1,April 2018
2757186,1,April 2018
5150069,1,April 2018
13292929,1,April 2018
3418261,1,April 2018
11024346,1,April 2018
18922977,1,April 2018
1075192,1,April 2018
9370558,1,April 2018
3418305,1,April 2018
18904996,1,April 2018
18904143,1,April 2018
17162519,1,April 2018
18905276,1,April 2018
3982897,1,April 2018
7195800,1,April 2018
21273623,1,April 2018
12120530,1,April 2018
15763330,1,April 2018
22841638,1,April 2018
19166083,1,April 2018
11152897,1,April 2018
19617617,1,April 2018
17646382,1,April 2018
18904940,1,April 2018
5122442,1,April 2018
7034217,1,April 2018
17664436,1,April 2018
19404348,1,April 2018
13978316,1,April 2018
12034699,1,April 2018
6978924,1,April 2018
16279673,1,April 2018
930583,1,April 2018
4835329,1,April 2018
9600634,1,April 2018
6114948,1,April 2018
5514097,1,April 2018
20702869,1,April 2018
4336840,1,April 2018
18701963,1,April 2018
20657539,1,April 2018
13025170,1,April 2018
3787275,1,April 2018
20022320,1,April 2018
18911165,1,April 2018
18460473,1,April 2018
4181131,1,April 2018
14393908,1,April 2018
18905020,1,April 2018
4453518,28,April 2018
3388729,28,April 2018
6222184,28,April 2018
11605706,28,April 2018
20384811,28,April 2018
19853393,28,April 2018
17845246,28,April 2018
11733012,28,April 2018
